countyFIPS,County Name,State,population
0,Statewide Unallocated,AL,0
1001,Autauga County,AL,55869
1003,Baldwin County,AL,223234
1005,Barbour County,AL,24686
1007,Bibb County,AL,22394
1009,Blount County,AL,57826
1011,Bullock County,AL,10101
1013,Butler County,AL,19448
1015,Calhoun County,AL,113605
1017,Chambers County,AL,33254
1019,Cherokee County,AL,26196
1021,Chilton County,AL,44428
1023,Choctaw County,AL,12589
1025,Clarke County,AL,23622
1027,Clay County,AL,13235
1029,Cleburne County,AL,14910
1031,Coffee County,AL,52342
1033,Colbert County,AL,55241
1035,Conecuh County,AL,12067
1037,Coosa County,AL,10663
1039,Covington County,AL,37049
1041,Crenshaw County,AL,13772
1043,Cullman County,AL,83768
1045,Dale County,AL,49172
1047,Dallas County,AL,37196
1049,DeKalb County,AL,71513
1051,Elmore County,AL,81209
1053,Escambia County,AL,36633
1055,Etowah County,AL,102268
1057,Fayette County,AL,16302
1059,Franklin County,AL,31362
1061,Geneva County,AL,26271
1063,Greene County,AL,8111
1065,Hale County,AL,14651
1067,Henry County,AL,17205
1069,Houston County,AL,105882
1071,Jackson County,AL,51626
1073,Jefferson County,AL,658573
1075,Lamar County,AL,13805
1077,Lauderdale County,AL,92729
1079,Lawrence County,AL,32924
1081,Lee County,AL,164542
1083,Limestone County,AL,98915
1085,Lowndes County,AL,9726
1087,Macon County,AL,18068
1089,Madison County,AL,372909
1091,Marengo County,AL,18863
1093,Marion County,AL,29709
1095,Marshall County,AL,96774
1097,Mobile County,AL,413210
1099,Monroe County,AL,20733
1101,Montgomery County,AL,226486
1103,Morgan County,AL,119679
1105,Perry County,AL,8923
1107,Pickens County,AL,19930
1109,Pike County,AL,33114
1111,Randolph County,AL,22722
1113,Russell County,AL,57961
1115,St. Clair County,AL,89512
1117,Shelby County,AL,217702
1119,Sumter County,AL,12427
1121,Talladega County,AL,79978
1123,Tallapoosa County,AL,40367
1125,Tuscaloosa County,AL,209355
1127,Walker County,AL,63521
1129,Washington County,AL,16326
1131,Wilcox County,AL,10373
1133,Winston County,AL,23629
0,Statewide Unallocated,AK,0
2013,Aleutians East Borough,AK,3337
2016,Aleutians West Census Area,AK,5634
2020,Municipality of Anchorage,AK,288000
2050,Bethel Census Area,AK,18386
2060,Bristol Bay Borough,AK,836
2068,Denali Borough,AK,2097
2070,Dillingham Census Area,AK,4916
2090,Fairbanks North Star Borough,AK,96849
2100,Haines Borough,AK,2530
2105,Hoonah-Angoon Census Area,AK,2148
2110,City and Borough of Juneau,AK,31974
2122,Kenai Peninsula Borough,AK,58708
2130,Ketchikan Gateway Borough,AK,13901
2150,Kodiak Island Borough,AK,12998
2158,Kusilvak Census Area,AK,8314
2164,Lake and Peninsula Borough,AK,1592
2170,Matanuska-Susitna Borough,AK,108317
2180,Nome Census Area,AK,10004
2185,North Slope Borough,AK,9832
2188,Northwest Arctic Borough,AK,7621
2195,Petersburg Census Area,AK,3266
2198,Prince of Wales-Hyder Census Area,AK,6203
2220,Sitka City and Borough,AK,8493
2230,Skagway Municipality,AK,1183
2240,Southeast Fairbanks Census Area,AK,6893
2261,Valdez-Cordova Census Area,AK,9202
2270,Wade Hampton Census Area,AK,0
2275,Wrangell City and Borough,AK,2502
2282,Yakutat City and Borough,AK,579
2290,Yukon-Koyukuk Census Area,AK,5230
0,Statewide Unallocated,AZ,0
4001,Apache County,AZ,71887
4003,Cochise County,AZ,125922
4005,Coconino County,AZ,143476
4007,Gila County,AZ,54018
4009,Graham County,AZ,38837
4011,Greenlee County,AZ,9498
4012,La Paz County,AZ,21108
4013,Maricopa County,AZ,4485414
4015,Mohave County,AZ,212181
4017,Navajo County,AZ,110924
4019,Pima County,AZ,1047279
4021,Pinal County,AZ,462789
4023,Santa Cruz County,AZ,46498
4025,Yavapai County,AZ,235099
4027,Yuma County,AZ,213787
0,Statewide Unallocated,AR,0
5001,Arkansas County,AR,17486
5003,Ashley County,AR,19657
5005,Baxter County,AR,41932
5007,Benton County,AR,279141
5009,Boone County,AR,37432
5011,Bradley County,AR,10763
5013,Calhoun County,AR,5189
5015,Carroll County,AR,28380
5017,Chicot County,AR,10118
5019,Clark County,AR,22320
5021,Clay County,AR,14551
5023,Cleburne County,AR,24919
5025,Cleveland County,AR,7956
5027,Columbia County,AR,23457
5029,Conway County,AR,20846
5031,Craighead County,AR,110332
5033,Crawford County,AR,63257
5035,Crittenden County,AR,47955
5037,Cross County,AR,16419
5039,Dallas County,AR,7009
5041,Desha County,AR,11361
5043,Drew County,AR,18219
5045,Faulkner County,AR,126007
5047,Franklin County,AR,17715
5049,Fulton County,AR,12477
5051,Garland County,AR,99386
5053,Grant County,AR,18265
5055,Greene County,AR,45325
5057,Hempstead County,AR,21532
5059,Hot Spring County,AR,33771
5061,Howard County,AR,13202
5063,Independence County,AR,37825
5065,Izard County,AR,13629
5067,Jackson County,AR,16719
5069,Jefferson County,AR,66824
5071,Johnson County,AR,26578
5073,Lafayette County,AR,6624
5075,Lawrence County,AR,16406
5077,Lee County,AR,8857
5079,Lincoln County,AR,13024
5081,Little River County,AR,12259
5083,Logan County,AR,21466
5085,Lonoke County,AR,73309
5087,Madison County,AR,16576
5089,Marion County,AR,16694
5091,Miller County,AR,43257
5093,Mississippi County,AR,40651
5095,Monroe County,AR,6701
5097,Montgomery County,AR,8986
5099,Nevada County,AR,8252
5101,Newton County,AR,7753
5103,Ouachita County,AR,23382
5105,Perry County,AR,10455
5107,Phillips County,AR,17782
5109,Pike County,AR,10718
5111,Poinsett County,AR,23528
5113,Polk County,AR,19964
5115,Pope County,AR,64072
5117,Prairie County,AR,8062
5119,Pulaski County,AR,391911
5121,Randolph County,AR,17958
5123,St. Francis County,AR,24994
5125,Saline County,AR,122437
5127,Scott County,AR,10281
5129,Searcy County,AR,7881
5131,Sebastian County,AR,127827
5133,Sevier County,AR,17007
5135,Sharp County,AR,17442
5137,Stone County,AR,12506
5139,Union County,AR,38682
5141,Van Buren County,AR,16545
5143,Washington County,AR,239187
5145,White County,AR,78753
5147,Woodruff County,AR,6320
5149,Yell County,AR,21341
0,Statewide Unallocated,CA,0
6000,Grand Princess Cruise Ship,CA,0
6001,Alameda County,CA,1671329
6003,Alpine County,CA,1129
6005,Amador County,CA,39752
6007,Butte County,CA,219186
6009,Calaveras County,CA,45905
6011,Colusa County,CA,21547
6013,Contra Costa County,CA,1153526
6015,Del Norte County,CA,27812
6017,El Dorado County,CA,192843
6019,Fresno County,CA,999101
6021,Glenn County,CA,28393
6023,Humboldt County,CA,135558
6025,Imperial County,CA,181215
6027,Inyo County,CA,18039
6029,Kern County,CA,900202
6031,Kings County,CA,152940
6033,Lake County,CA,64386
6035,Lassen County,CA,30573
6037,Los Angeles County,CA,10039107
6039,Madera County,CA,157327
6041,Marin County,CA,258826
6043,Mariposa County,CA,17203
6045,Mendocino County,CA,86749
6047,Merced County,CA,277680
6049,Modoc County,CA,8841
6051,Mono County,CA,14444
6053,Monterey County,CA,434061
6055,Napa County,CA,137744
6057,Nevada County,CA,99755
6059,Orange County,CA,3175692
6061,Placer County,CA,398329
6063,Plumas County,CA,18807
6065,Riverside County,CA,2470546
6067,Sacramento County,CA,1552058
6069,San Benito County,CA,62808
6071,San Bernardino County,CA,2180085
6073,San Diego County,CA,3338330
6075,San Francisco County,CA,881549
6077,San Joaquin County,CA,762148
6079,San Luis Obispo County,CA,283111
6081,San Mateo County,CA,766573
6083,Santa Barbara County,CA,446499
6085,Santa Clara County,CA,1927852
6087,Santa Cruz County,CA,273213
6089,Shasta County,CA,180080
6091,Sierra County,CA,3005
6093,Siskiyou County,CA,43539
6095,Solano County,CA,447643
6097,Sonoma County,CA,494336
6099,Stanislaus County,CA,550660
6101,Sutter County,CA,96971
6103,Tehama County,CA,65084
6105,Trinity County,CA,12285
6107,Tulare County,CA,466195
6109,Tuolumne County,CA,54478
6111,Ventura County,CA,846006
6113,Yolo County,CA,220500
6115,Yuba County,CA,78668
0,Statewide Unallocated,CO,0
8001,Adams County,CO,517421
8003,Alamosa County,CO,16233
8005,Arapahoe County,CO,656590
8007,Archuleta County,CO,14029
8009,Baca County,CO,3581
8011,Bent County,CO,5577
8013,Boulder County,CO,326196
8014,Broomfield County and City,CO,70465
8015,Chaffee County,CO,20356
8017,Cheyenne County,CO,1831
8019,Clear Creek County,CO,9700
8021,Conejos County,CO,8205
8023,Costilla County,CO,3887
8025,Crowley County,CO,6061
8027,Custer County,CO,5068
8029,Delta County,CO,31162
8031,Denver County,CO,727211
8033,Dolores County,CO,2055
8035,Douglas County,CO,351154
8037,Eagle County,CO,55127
8039,Elbert County,CO,26729
8041,El Paso County,CO,720403
8043,Fremont County,CO,47839
8045,Garfield County,CO,60061
8047,Gilpin County,CO,6243
8049,Grand County,CO,15734
8051,Gunnison County,CO,17462
8053,Hinsdale County,CO,820
8055,Huerfano County,CO,6897
8057,Jackson County,CO,1392
8059,Jefferson County,CO,582881
8061,Kiowa County,CO,1406
8063,Kit Carson County,CO,7097
8065,Lake County,CO,8127
8067,La Plata County,CO,56221
8069,Larimer County,CO,356899
8071,Las Animas County,CO,14506
8073,Lincoln County,CO,5701
8075,Logan County,CO,22409
8077,Mesa County,CO,154210
8079,Mineral County,CO,769
8081,Moffat County,CO,13283
8083,Montezuma County,CO,26183
8085,Montrose County,CO,42758
8087,Morgan County,CO,29068
8089,Otero County,CO,18278
8091,Ouray County,CO,4952
8093,Park County,CO,18845
8095,Phillips County,CO,4265
8097,Pitkin County,CO,17767
8099,Prowers County,CO,12172
8101,Pueblo County,CO,168424
8103,Rio Blanco County,CO,6324
8105,Rio Grande County,CO,11267
8107,Routt County,CO,25638
8109,Saguache County,CO,6824
8111,San Juan County,CO,728
8113,San Miguel County,CO,8179
8115,Sedgwick County,CO,2248
8117,Summit County,CO,31011
8119,Teller County,CO,25388
8121,Washington County,CO,4908
8123,Weld County,CO,324492
8125,Yuma County,CO,10019
0,Statewide Unallocated,CT,0
9001,Fairfield County,CT,943332
9003,Hartford County,CT,891720
9005,Litchfield County,CT,180333
9007,Middlesex County,CT,162436
9009,New Haven County,CT,854757
9011,New London County,CT,265206
9013,Tolland County,CT,150721
9015,Windham County,CT,116782
0,Statewide Unallocated,DE,0
10001,Kent County,DE,180786
10003,New Castle County,DE,558753
10005,Sussex County,DE,234225
11001,Washington,DC,705749
0,Statewide Unallocated,FL,0
12001,Alachua County,FL,269043
12003,Baker County,FL,29210
12005,Bay County,FL,174705
12007,Bradford County,FL,28201
12009,Brevard County,FL,601942
12011,Broward County,FL,1952778
12013,Calhoun County,FL,14105
12015,Charlotte County,FL,188910
12017,Citrus County,FL,149657
12019,Clay County,FL,219252
12021,Collier County,FL,384902
12023,Columbia County,FL,71686
12027,DeSoto County,FL,38001
12029,Dixie County,FL,16826
12031,Duval County,FL,957755
12033,Escambia County,FL,318316
12035,Flagler County,FL,115081
12037,Franklin County,FL,12125
12039,Gadsden County,FL,45660
12041,Gilchrist County,FL,18582
12043,Glades County,FL,13811
12045,Gulf County,FL,13639
12047,Hamilton County,FL,14428
12049,Hardee County,FL,26937
12051,Hendry County,FL,42022
12053,Hernando County,FL,193920
12055,Highlands County,FL,106221
12057,Hillsborough County,FL,1471968
12059,Holmes County,FL,19617
12061,Indian River County,FL,159923
12063,Jackson County,FL,46414
12065,Jefferson County,FL,14246
12067,Lafayette County,FL,8422
12069,Lake County,FL,367118
12071,Lee County,FL,770577
12073,Leon County,FL,293582
12075,Levy County,FL,41503
12077,Liberty County,FL,8354
12079,Madison County,FL,18493
12081,Manatee County,FL,403253
12083,Marion County,FL,365579
12085,Martin County,FL,161000
12086,Miami-Dade County,FL,2716940
12087,Monroe County,FL,74228
12089,Nassau County,FL,88625
12091,Okaloosa County,FL,210738
12093,Okeechobee County,FL,42168
12095,Orange County,FL,1393452
12097,Osceola County,FL,375751
12099,Palm Beach County,FL,1496770
12101,Pasco County,FL,553947
12103,Pinellas County,FL,974996
12105,Polk County,FL,724777
12107,Putnam County,FL,74521
12109,St. Johns County,FL,264672
12111,St. Lucie County,FL,328297
12113,Santa Rosa County,FL,184313
12115,Sarasota County,FL,433742
12117,Seminole County,FL,471826
12119,Sumter County,FL,132420
12121,Suwannee County,FL,44417
12123,Taylor County,FL,21569
12125,Union County,FL,15237
12127,Volusia County,FL,553284
12129,Wakulla County,FL,33739
12131,Walton County,FL,74071
12133,Washington County,FL,25473
0,Statewide Unallocated,GA,0
13001,Appling County,GA,18386
13003,Atkinson County,GA,8165
13005,Bacon County,GA,11164
13007,Baker County,GA,3038
13009,Baldwin County,GA,44890
13011,Banks County,GA,19234
13013,Barrow County,GA,83240
13015,Bartow County,GA,107738
13017,Ben Hill County,GA,16700
13019,Berrien County,GA,19397
13021,Bibb County,GA,153159
13023,Bleckley County,GA,12873
13025,Brantley County,GA,19109
13027,Brooks County,GA,15457
13029,Bryan County,GA,39627
13031,Bulloch County,GA,79608
13033,Burke County,GA,22383
13035,Butts County,GA,24936
13037,Calhoun County,GA,6189
13039,Camden County,GA,54666
13043,Candler County,GA,10803
13045,Carroll County,GA,119992
13047,Catoosa County,GA,67580
13049,Charlton County,GA,13392
13051,Chatham County,GA,289430
13053,Chattahoochee County,GA,10907
13055,Chattooga County,GA,24789
13057,Cherokee County,GA,258773
13059,Clarke County,GA,128331
13061,Clay County,GA,2834
13063,Clayton County,GA,292256
13065,Clinch County,GA,6618
13067,Cobb County,GA,760141
13069,Coffee County,GA,43273
13071,Colquitt County,GA,45600
13073,Columbia County,GA,156714
13075,Cook County,GA,17270
13077,Coweta County,GA,148509
13079,Crawford County,GA,12404
13081,Crisp County,GA,22372
13083,Dade County,GA,16116
13085,Dawson County,GA,26108
13087,Decatur County,GA,26404
13089,DeKalb County,GA,759297
13091,Dodge County,GA,20605
13093,Dooly County,GA,13390
13095,Dougherty County,GA,87956
13097,Douglas County,GA,146343
13099,Early County,GA,10190
13101,Echols County,GA,4006
13103,Effingham County,GA,64296
13105,Elbert County,GA,19194
13107,Emanuel County,GA,22646
13109,Evans County,GA,10654
13111,Fannin County,GA,26188
13113,Fayette County,GA,114421
13115,Floyd County,GA,98498
13117,Forsyth County,GA,244252
13119,Franklin County,GA,23349
13121,Fulton County,GA,1063937
13123,Gilmer County,GA,31369
13125,Glascock County,GA,2971
13127,Glynn County,GA,85292
13129,Gordon County,GA,57963
13131,Grady County,GA,24633
13133,Greene County,GA,18324
13135,Gwinnett County,GA,936250
13137,Habersham County,GA,45328
13139,Hall County,GA,204441
13141,Hancock County,GA,8457
13143,Haralson County,GA,29792
13145,Harris County,GA,35236
13147,Hart County,GA,26205
13149,Heard County,GA,11923
13151,Henry County,GA,234561
13153,Houston County,GA,157863
13155,Irwin County,GA,9416
13157,Jackson County,GA,72977
13159,Jasper County,GA,14219
13161,Jeff Davis County,GA,15115
13163,Jefferson County,GA,15362
13165,Jenkins County,GA,8676
13167,Johnson County,GA,9643
13169,Jones County,GA,28735
13171,Lamar County,GA,19077
13173,Lanier County,GA,10423
13175,Laurens County,GA,47546
13177,Lee County,GA,29992
13179,Liberty County,GA,61435
13181,Lincoln County,GA,7921
13183,Long County,GA,19559
13185,Lowndes County,GA,117406
13187,Lumpkin County,GA,33610
13189,McDuffie County,GA,21312
13191,McIntosh County,GA,14378
13193,Macon County,GA,12947
13195,Madison County,GA,29880
13197,Marion County,GA,8359
13199,Meriwether County,GA,21167
13201,Miller County,GA,5718
13205,Mitchell County,GA,21863
13207,Monroe County,GA,27578
13209,Montgomery County,GA,9172
13211,Morgan County,GA,19276
13213,Murray County,GA,40096
13215,Muscogee County,GA,195769
13217,Newton County,GA,111744
13219,Oconee County,GA,40280
13221,Oglethorpe County,GA,15259
13223,Paulding County,GA,168667
13225,Peach County,GA,27546
13227,Pickens County,GA,32591
13229,Pierce County,GA,19465
13231,Pike County,GA,18962
13233,Polk County,GA,42613
13235,Pulaski County,GA,11137
13237,Putnam County,GA,22119
13239,Quitman County,GA,2299
13241,Rabun County,GA,17137
13243,Randolph County,GA,6778
13245,Richmond County,GA,202518
13247,Rockdale County,GA,90896
13249,Schley County,GA,5257
13251,Screven County,GA,13966
13253,Seminole County,GA,8090
13255,Spalding County,GA,66703
13257,Stephens County,GA,25925
13259,Stewart County,GA,6621
13261,Sumter County,GA,29524
13263,Talbot County,GA,6195
13265,Taliaferro County,GA,1537
13267,Tattnall County,GA,25286
13269,Taylor County,GA,8020
13271,Telfair County,GA,15860
13273,Terrell County,GA,8531
13275,Thomas County,GA,44451
13277,Tift County,GA,40644
13279,Toombs County,GA,26830
13281,Towns County,GA,12037
13283,Treutlen County,GA,6901
13285,Troup County,GA,69922
13287,Turner County,GA,7985
13289,Twiggs County,GA,8120
13291,Union County,GA,24511
13293,Upson County,GA,26320
13295,Walker County,GA,69761
13297,Walton County,GA,94593
13299,Ware County,GA,35734
13301,Warren County,GA,5254
13303,Washington County,GA,20374
13305,Wayne County,GA,29927
13307,Webster County,GA,2607
13309,Wheeler County,GA,7855
13311,White County,GA,30798
13313,Whitfield County,GA,104628
13315,Wilcox County,GA,8635
13317,Wilkes County,GA,9777
13319,Wilkinson County,GA,8954
13321,Worth County,GA,20247
0,Statewide Unallocated,HI,0
15001,Hawaii County,HI,201513
15003,Honolulu County,HI,974563
15005,Kalawao County,HI,86
15007,Kauai County,HI,72293
15009,Maui County,HI,167417
0,Statewide Unallocated,ID,0
16001,Ada County,ID,481587
16003,Adams County,ID,4294
16005,Bannock County,ID,87808
16007,Bear Lake County,ID,6125
16009,Benewah County,ID,9298
16011,Bingham County,ID,46811
16013,Blaine County,ID,23021
16015,Boise County,ID,7831
16017,Bonner County,ID,45739
16019,Bonneville County,ID,119062
16021,Boundary County,ID,12245
16023,Butte County,ID,2597
16025,Camas County,ID,1106
16027,Canyon County,ID,229849
16029,Caribou County,ID,7155
16031,Cassia County,ID,24030
16033,Clark County,ID,845
16035,Clearwater County,ID,8756
16037,Custer County,ID,4315
16039,Elmore County,ID,27511
16041,Franklin County,ID,13876
16043,Fremont County,ID,13099
16045,Gem County,ID,18112
16047,Gooding County,ID,15179
16049,Idaho County,ID,16667
16051,Jefferson County,ID,29871
16053,Jerome County,ID,24412
16055,Kootenai County,ID,165697
16057,Latah County,ID,40108
16059,Lemhi County,ID,8027
16061,Lewis County,ID,3838
16063,Lincoln County,ID,5366
16065,Madison County,ID,39907
16067,Minidoka County,ID,21039
16069,Nez Perce County,ID,40408
16071,Oneida County,ID,4531
16073,Owyhee County,ID,11823
16075,Payette County,ID,23951
16077,Power County,ID,7681
16079,Shoshone County,ID,12882
16081,Teton County,ID,12142
16083,Twin Falls County,ID,86878
16085,Valley County,ID,11392
16087,Washington County,ID,10194
0,Statewide Unallocated,IL,0
17001,Adams County,IL,65435
17003,Alexander County,IL,5761
17005,Bond County,IL,16426
17007,Boone County,IL,53544
17009,Brown County,IL,6578
17011,Bureau County,IL,32628
17013,Calhoun County,IL,4739
17015,Carroll County,IL,14305
17017,Cass County,IL,12147
17019,Champaign County,IL,209689
17021,Christian County,IL,32304
17023,Clark County,IL,15441
17025,Clay County,IL,13184
17027,Clinton County,IL,37562
17029,Coles County,IL,50621
17031,Cook County,IL,5150233
17033,Crawford County,IL,18667
17035,Cumberland County,IL,10766
17037,DeKalb County,IL,104897
17039,De Witt County,IL,15638
17041,Douglas County,IL,19465
17043,DuPage County,IL,922921
17045,Edgar County,IL,17161
17047,Edwards County,IL,6395
17049,Effingham County,IL,34008
17051,Fayette County,IL,21336
17053,Ford County,IL,12961
17055,Franklin County,IL,38469
17057,Fulton County,IL,34340
17059,Gallatin County,IL,4828
17061,Greene County,IL,12969
17063,Grundy County,IL,51054
17065,Hamilton County,IL,8116
17067,Hancock County,IL,17708
17069,Hardin County,IL,3821
17071,Henderson County,IL,6646
17073,Henry County,IL,48913
17075,Iroquois County,IL,27114
17077,Jackson County,IL,56750
17079,Jasper County,IL,9610
17081,Jefferson County,IL,37684
17083,Jersey County,IL,21773
17085,Jo Daviess County,IL,21235
17087,Johnson County,IL,12417
17089,Kane County,IL,532403
17091,Kankakee County,IL,109862
17093,Kendall County,IL,128990
17095,Knox County,IL,49699
17097,Lake County,IL,696535
17099,LaSalle County,IL,108669
17101,Lawrence County,IL,15678
17103,Lee County,IL,34096
17105,Livingston County,IL,35648
17107,Logan County,IL,28618
17109,McDonough County,IL,29682
17111,McHenry County,IL,307774
17113,McLean County,IL,171517
17115,Macon County,IL,104009
17117,Macoupin County,IL,44926
17119,Madison County,IL,262966
17121,Marion County,IL,37205
17123,Marshall County,IL,11438
17125,Mason County,IL,13359
17127,Massac County,IL,13772
17129,Menard County,IL,12196
17131,Mercer County,IL,15437
17133,Monroe County,IL,34637
17135,Montgomery County,IL,28414
17137,Morgan County,IL,33658
17139,Moultrie County,IL,14501
17141,Ogle County,IL,50643
17143,Peoria County,IL,179179
17145,Perry County,IL,20916
17147,Piatt County,IL,16344
17149,Pike County,IL,15561
17151,Pope County,IL,4177
17153,Pulaski County,IL,5335
17155,Putnam County,IL,5739
17157,Randolph County,IL,31782
17159,Richland County,IL,15513
17161,Rock Island County,IL,141879
17163,St. Clair County,IL,259686
17165,Saline County,IL,23491
17167,Sangamon County,IL,194672
17169,Schuyler County,IL,6768
17171,Scott County,IL,4951
17173,Shelby County,IL,21634
17175,Stark County,IL,5342
17177,Stephenson County,IL,44498
17179,Tazewell County,IL,131803
17181,Union County,IL,16653
17183,Vermilion County,IL,75758
17185,Wabash County,IL,11520
17187,Warren County,IL,16844
17189,Washington County,IL,13887
17191,Wayne County,IL,16215
17193,White County,IL,13537
17195,Whiteside County,IL,55175
17197,Will County,IL,690743
17199,Williamson County,IL,66597
17201,Winnebago County,IL,282572
17203,Woodford County,IL,38459
0,Statewide Unallocated,IN,0
18001,Adams County,IN,35777
18003,Allen County,IN,379299
18005,Bartholomew County,IN,83779
18007,Benton County,IN,8748
18009,Blackford County,IN,11758
18011,Boone County,IN,67843
18013,Brown County,IN,15092
18015,Carroll County,IN,20257
18017,Cass County,IN,37689
18019,Clark County,IN,118302
18021,Clay County,IN,26225
18023,Clinton County,IN,32399
18025,Crawford County,IN,10577
18027,Daviess County,IN,33351
18029,Dearborn County,IN,49458
18031,Decatur County,IN,26559
18033,DeKalb County,IN,43475
18035,Delaware County,IN,114135
18037,Dubois County,IN,42736
18039,Elkhart County,IN,206341
18041,Fayette County,IN,23102
18043,Floyd County,IN,78522
18045,Fountain County,IN,16346
18047,Franklin County,IN,22758
18049,Fulton County,IN,19974
18051,Gibson County,IN,33659
18053,Grant County,IN,65769
18055,Greene County,IN,31922
18057,Hamilton County,IN,338011
18059,Hancock County,IN,78168
18061,Harrison County,IN,40515
18063,Hendricks County,IN,170311
18065,Henry County,IN,47972
18067,Howard County,IN,82544
18069,Huntington County,IN,36520
18071,Jackson County,IN,44231
18073,Jasper County,IN,33562
18075,Jay County,IN,20436
18077,Jefferson County,IN,32308
18079,Jennings County,IN,27735
18081,Johnson County,IN,158167
18083,Knox County,IN,36594
18085,Kosciusko County,IN,79456
18087,LaGrange County,IN,39614
18089,Lake County,IN,485493
18091,LaPorte County,IN,109888
18093,Lawrence County,IN,45370
18095,Madison County,IN,129569
18097,Marion County,IN,964582
18099,Marshall County,IN,46258
18101,Martin County,IN,10255
18103,Miami County,IN,35516
18105,Monroe County,IN,148431
18107,Montgomery County,IN,38338
18109,Morgan County,IN,70489
18111,Newton County,IN,13984
18113,Noble County,IN,47744
18115,Ohio County,IN,5875
18117,Orange County,IN,19646
18119,Owen County,IN,20799
18121,Parke County,IN,16937
18123,Perry County,IN,19169
18125,Pike County,IN,12389
18127,Porter County,IN,170389
18129,Posey County,IN,25427
18131,Pulaski County,IN,12353
18133,Putnam County,IN,37576
18135,Randolph County,IN,24665
18137,Ripley County,IN,28324
18139,Rush County,IN,16581
18141,St. Joseph County,IN,271826
18143,Scott County,IN,23873
18145,Shelby County,IN,44729
18147,Spencer County,IN,20277
18149,Starke County,IN,22995
18151,Steuben County,IN,34594
18153,Sullivan County,IN,20669
18155,Switzerland County,IN,10751
18157,Tippecanoe County,IN,195732
18159,Tipton County,IN,15148
18161,Union County,IN,7054
18163,Vanderburgh County,IN,181451
18165,Vermillion County,IN,15498
18167,Vigo County,IN,107038
18169,Wabash County,IN,30996
18171,Warren County,IN,8265
18173,Warrick County,IN,62998
18175,Washington County,IN,28036
18177,Wayne County,IN,65884
18179,Wells County,IN,28296
18181,White County,IN,24102
18183,Whitley County,IN,33964
0,Statewide Unallocated,IA,0
19001,Adair County,IA,7152
19003,Adams County,IA,3602
19005,Allamakee County,IA,13687
19007,Appanoose County,IA,12426
19009,Audubon County,IA,5496
19011,Benton County,IA,25645
19013,Black Hawk County,IA,131228
19015,Boone County,IA,26234
19017,Bremer County,IA,25062
19019,Buchanan County,IA,21175
19021,Buena Vista County,IA,19620
19023,Butler County,IA,14439
19025,Calhoun County,IA,9668
19027,Carroll County,IA,20165
19029,Cass County,IA,12836
19031,Cedar County,IA,18627
19033,Cerro Gordo County,IA,42450
19035,Cherokee County,IA,11235
19037,Chickasaw County,IA,11933
19039,Clarke County,IA,9395
19041,Clay County,IA,16016
19043,Clayton County,IA,17549
19045,Clinton County,IA,46429
19047,Crawford County,IA,16820
19049,Dallas County,IA,93453
19051,Davis County,IA,9000
19053,Decatur County,IA,7870
19055,Delaware County,IA,17011
19057,Des Moines County,IA,38967
19059,Dickinson County,IA,17258
19061,Dubuque County,IA,97311
19063,Emmet County,IA,9208
19065,Fayette County,IA,19650
19067,Floyd County,IA,15642
19069,Franklin County,IA,10070
19071,Fremont County,IA,6960
19073,Greene County,IA,8888
19075,Grundy County,IA,12232
19077,Guthrie County,IA,10689
19079,Hamilton County,IA,14773
19081,Hancock County,IA,10630
19083,Hardin County,IA,16846
19085,Harrison County,IA,14049
19087,Henry County,IA,19954
19089,Howard County,IA,9158
19091,Humboldt County,IA,9558
19093,Ida County,IA,6860
19095,Iowa County,IA,16184
19097,Jackson County,IA,19439
19099,Jasper County,IA,37185
19101,Jefferson County,IA,18295
19103,Johnson County,IA,151140
19105,Jones County,IA,20681
19107,Keokuk County,IA,10246
19109,Kossuth County,IA,14813
19111,Lee County,IA,33657
19113,Linn County,IA,226706
19115,Louisa County,IA,11035
19117,Lucas County,IA,8600
19119,Lyon County,IA,11755
19121,Madison County,IA,16338
19123,Mahaska County,IA,22095
19125,Marion County,IA,33253
19127,Marshall County,IA,39369
19129,Mills County,IA,15109
19131,Mitchell County,IA,10586
19133,Monona County,IA,8615
19135,Monroe County,IA,7707
19137,Montgomery County,IA,9917
19139,Muscatine County,IA,42664
19141,O'Brien County,IA,13753
19143,Osceola County,IA,5958
19145,Page County,IA,15107
19147,Palo Alto County,IA,8886
19149,Plymouth County,IA,25177
19151,Pocahontas County,IA,6619
19153,Polk County,IA,490161
19155,Pottawattamie County,IA,93206
19157,Poweshiek County,IA,18504
19159,Ringgold County,IA,4894
19161,Sac County,IA,9721
19163,Scott County,IA,172943
19165,Shelby County,IA,11454
19167,Sioux County,IA,34855
19169,Story County,IA,97117
19171,Tama County,IA,16854
19173,Taylor County,IA,6121
19175,Union County,IA,12241
19177,Van Buren County,IA,7044
19179,Wapello County,IA,34969
19181,Warren County,IA,51466
19183,Washington County,IA,21965
19185,Wayne County,IA,6441
19187,Webster County,IA,35904
19189,Winnebago County,IA,10354
19191,Winneshiek County,IA,19991
19193,Woodbury County,IA,103107
19195,Worth County,IA,7381
19197,Wright County,IA,12562
0,Statewide Unallocated,KS,0
20001,Allen County,KS,12369
20003,Anderson County,KS,7858
20005,Atchison County,KS,16073
20007,Barber County,KS,4427
20009,Barton County,KS,25779
20011,Bourbon County,KS,14534
20013,Brown County,KS,9564
20015,Butler County,KS,66911
20017,Chase County,KS,2648
20019,Chautauqua County,KS,3250
20021,Cherokee County,KS,19939
20023,Cheyenne County,KS,2657
20025,Clark County,KS,1994
20027,Clay County,KS,8002
20029,Cloud County,KS,8786
20031,Coffey County,KS,8179
20033,Comanche County,KS,1700
20035,Cowley County,KS,34908
20037,Crawford County,KS,38818
20039,Decatur County,KS,2827
20041,Dickinson County,KS,18466
20043,Doniphan County,KS,7600
20045,Douglas County,KS,122259
20047,Edwards County,KS,2798
20049,Elk County,KS,2530
20051,Ellis County,KS,28553
20053,Ellsworth County,KS,6102
20055,Finney County,KS,36467
20057,Ford County,KS,33619
20059,Franklin County,KS,25544
20061,Geary County,KS,31670
20063,Gove County,KS,2636
20065,Graham County,KS,2482
20067,Grant County,KS,7150
20069,Gray County,KS,5988
20071,Greeley County,KS,1232
20073,Greenwood County,KS,5982
20075,Hamilton County,KS,2539
20077,Harper County,KS,5436
20079,Harvey County,KS,34429
20081,Haskell County,KS,3968
20083,Hodgeman County,KS,1794
20085,Jackson County,KS,13171
20087,Jefferson County,KS,19043
20089,Jewell County,KS,2879
20091,Johnson County,KS,602401
20093,Kearny County,KS,3838
20095,Kingman County,KS,7152
20097,Kiowa County,KS,2475
20099,Labette County,KS,19618
20101,Lane County,KS,1535
20103,Leavenworth County,KS,81758
20105,Lincoln County,KS,2962
20107,Linn County,KS,9703
20109,Logan County,KS,2794
20111,Lyon County,KS,33195
20113,McPherson County,KS,28542
20115,Marion County,KS,11884
20117,Marshall County,KS,9707
20119,Meade County,KS,4033
20121,Miami County,KS,34237
20123,Mitchell County,KS,5979
20125,Montgomery County,KS,31829
20127,Morris County,KS,5620
20129,Morton County,KS,2587
20131,Nemaha County,KS,10231
20133,Neosho County,KS,16007
20135,Ness County,KS,2750
20137,Norton County,KS,5361
20139,Osage County,KS,15949
20141,Osborne County,KS,3421
20143,Ottawa County,KS,5704
20145,Pawnee County,KS,6414
20147,Phillips County,KS,5234
20149,Pottawatomie County,KS,24383
20151,Pratt County,KS,9164
20153,Rawlins County,KS,2530
20155,Reno County,KS,61998
20157,Republic County,KS,4636
20159,Rice County,KS,9537
20161,Riley County,KS,74232
20163,Rooks County,KS,4920
20165,Rush County,KS,3036
20167,Russell County,KS,6856
20169,Saline County,KS,54224
20171,Scott County,KS,4823
20173,Sedgwick County,KS,516042
20175,Seward County,KS,21428
20177,Shawnee County,KS,176875
20179,Sheridan County,KS,2521
20181,Sherman County,KS,5917
20183,Smith County,KS,3583
20185,Stafford County,KS,4156
20187,Stanton County,KS,2006
20189,Stevens County,KS,5485
20191,Sumner County,KS,22836
20193,Thomas County,KS,7777
20195,Trego County,KS,2803
20197,Wabaunsee County,KS,6931
20199,Wallace County,KS,1518
20201,Washington County,KS,5406
20203,Wichita County,KS,2119
20205,Wilson County,KS,8525
20207,Woodson County,KS,3138
20209,Wyandotte County,KS,165429
0,Statewide Unallocated,KY,0
21001,Adair County,KY,19202
21003,Allen County,KY,21315
21005,Anderson County,KY,22747
21007,Ballard County,KY,7888
21009,Barren County,KY,44249
21011,Bath County,KY,12500
21013,Bell County,KY,26032
21015,Boone County,KY,133581
21017,Bourbon County,KY,19788
21019,Boyd County,KY,46718
21021,Boyle County,KY,30060
21023,Bracken County,KY,8303
21025,Breathitt County,KY,12630
21027,Breckinridge County,KY,20477
21029,Bullitt County,KY,81676
21031,Butler County,KY,12879
21033,Caldwell County,KY,12747
21035,Calloway County,KY,39001
21037,Campbell County,KY,93584
21039,Carlisle County,KY,4760
21041,Carroll County,KY,10631
21043,Carter County,KY,26797
21045,Casey County,KY,16159
21047,Christian County,KY,70461
21049,Clark County,KY,36263
21051,Clay County,KY,19901
21053,Clinton County,KY,10218
21055,Crittenden County,KY,8806
21057,Cumberland County,KY,6614
21059,Daviess County,KY,101511
21061,Edmonson County,KY,12150
21063,Elliott County,KY,7517
21065,Estill County,KY,14106
21067,Fayette County,KY,323152
21069,Fleming County,KY,14581
21071,Floyd County,KY,35589
21073,Franklin County,KY,50991
21075,Fulton County,KY,5969
21077,Gallatin County,KY,8869
21079,Garrard County,KY,17666
21081,Grant County,KY,25069
21083,Graves County,KY,37266
21085,Grayson County,KY,26427
21087,Green County,KY,10941
21089,Greenup County,KY,35098
21091,Hancock County,KY,8722
21093,Hardin County,KY,110958
21095,Harlan County,KY,26010
21097,Harrison County,KY,18886
21099,Hart County,KY,19035
21101,Henderson County,KY,45210
21103,Henry County,KY,16126
21105,Hickman County,KY,4380
21107,Hopkins County,KY,44686
21109,Jackson County,KY,13329
21111,Jefferson County,KY,766757
21113,Jessamine County,KY,54115
21115,Johnson County,KY,22188
21117,Kenton County,KY,166998
21119,Knott County,KY,14806
21121,Knox County,KY,31145
21123,Larue County,KY,14398
21125,Laurel County,KY,60813
21127,Lawrence County,KY,15317
21129,Lee County,KY,7403
21131,Leslie County,KY,9877
21133,Letcher County,KY,21553
21135,Lewis County,KY,13275
21137,Lincoln County,KY,24549
21139,Livingston County,KY,9194
21141,Logan County,KY,27102
21143,Lyon County,KY,8210
21145,McCracken County,KY,65418
21147,McCreary County,KY,17231
21149,McLean County,KY,9207
21151,Madison County,KY,92987
21153,Magoffin County,KY,12161
21155,Marion County,KY,19273
21157,Marshall County,KY,31100
21159,Martin County,KY,11195
21161,Mason County,KY,17070
21163,Meade County,KY,28572
21165,Menifee County,KY,6489
21167,Mercer County,KY,21933
21169,Metcalfe County,KY,10071
21171,Monroe County,KY,10650
21173,Montgomery County,KY,28157
21175,Morgan County,KY,13309
21177,Muhlenberg County,KY,30622
21179,Nelson County,KY,46233
21181,Nicholas County,KY,7269
21183,Ohio County,KY,23994
21185,Oldham County,KY,66799
21187,Owen County,KY,10901
21189,Owsley County,KY,4415
21191,Pendleton County,KY,14590
21193,Perry County,KY,25758
21195,Pike County,KY,57876
21197,Powell County,KY,12359
21199,Pulaski County,KY,64979
21201,Robertson County,KY,2108
21203,Rockcastle County,KY,16695
21205,Rowan County,KY,24460
21207,Russell County,KY,17923
21209,Scott County,KY,57004
21211,Shelby County,KY,49024
21213,Simpson County,KY,18572
21215,Spencer County,KY,19351
21217,Taylor County,KY,25769
21219,Todd County,KY,12294
21221,Trigg County,KY,14651
21223,Trimble County,KY,8471
21225,Union County,KY,14381
21227,Warren County,KY,132896
21229,Washington County,KY,12095
21231,Wayne County,KY,20333
21233,Webster County,KY,12942
21235,Whitley County,KY,36264
21237,Wolfe County,KY,7157
21239,Woodford County,KY,26734
0,Statewide Unallocated,LA,0
22001,Acadia Parish,LA,62045
22003,Allen Parish,LA,25627
22005,Ascension Parish,LA,126604
22007,Assumption Parish,LA,21891
22009,Avoyelles Parish,LA,40144
22011,Beauregard Parish,LA,37497
22013,Bienville Parish,LA,13241
22015,Bossier Parish,LA,127039
22017,Caddo Parish,LA,240204
22019,Calcasieu Parish,LA,203436
22021,Caldwell Parish,LA,9918
22023,Cameron Parish,LA,6973
22025,Catahoula Parish,LA,9494
22027,Claiborne Parish,LA,15670
22029,Concordia Parish,LA,19259
22031,De Soto Parish,LA,27463
22033,East Baton Rouge Parish,LA,440059
22035,East Carroll Parish,LA,6861
22037,East Feliciana Parish,LA,19135
22039,Evangeline Parish,LA,33395
22041,Franklin Parish,LA,20015
22043,Grant Parish,LA,22389
22045,Iberia Parish,LA,69830
22047,Iberville Parish,LA,32511
22049,Jackson Parish,LA,15744
22051,Jefferson Parish,LA,432493
22053,Jefferson Davis Parish,LA,31368
22055,Lafayette Parish,LA,244390
22057,Lafourche Parish,LA,97614
22059,La Salle Parish,LA,14892
22061,Lincoln Parish,LA,46742
22063,Livingston Parish,LA,140789
22065,Madison Parish,LA,10951
22067,Morehouse Parish,LA,24874
22069,Natchitoches Parish,LA,38158
22071,Orleans Parish,LA,390144
22073,Ouachita Parish,LA,153279
22075,Plaquemines Parish,LA,23197
22077,Pointe Coupee Parish,LA,21730
22079,Rapides Parish,LA,129648
22081,Red River Parish,LA,8442
22083,Richland Parish,LA,20122
22085,Sabine Parish,LA,23884
22087,St. Bernard Parish,LA,47244
22089,St. Charles Parish,LA,53100
22091,St. Helena Parish,LA,10132
22093,St. James Parish,LA,21096
22095,St. John the Baptist Parish,LA,42837
22097,St. Landry Parish,LA,82124
22099,St. Martin Parish,LA,53431
22101,St. Mary Parish,LA,49348
22103,St. Tammany Parish,LA,260419
22105,Tangipahoa Parish,LA,134758
22107,Tensas Parish,LA,4334
22109,Terrebonne Parish,LA,110461
22111,Union Parish,LA,22108
22113,Vermilion Parish,LA,59511
22115,Vernon Parish,LA,47429
22117,Washington Parish,LA,46194
22119,Webster Parish,LA,38340
22121,West Baton Rouge Parish,LA,26465
22123,West Carroll Parish,LA,10830
22125,West Feliciana Parish,LA,15568
22127,Winn Parish,LA,13904
0,Statewide Unallocated,ME,0
23001,Androscoggin County,ME,108277
23003,Aroostook County,ME,67055
23005,Cumberland County,ME,295003
23007,Franklin County,ME,30199
23009,Hancock County,ME,54987
23011,Kennebec County,ME,122302
23013,Knox County,ME,39772
23015,Lincoln County,ME,34634
23017,Oxford County,ME,57975
23019,Penobscot County,ME,152148
23021,Piscataquis County,ME,16785
23023,Sagadahoc County,ME,35856
23025,Somerset County,ME,50484
23027,Waldo County,ME,39715
23029,Washington County,ME,31379
23031,York County,ME,207641
0,Statewide Unallocated,MD,0
24001,Allegany County,MD,70416
24003,Anne Arundel County,MD,579234
24005,Baltimore County,MD,827370
24009,Calvert County,MD,92525
24011,Caroline County,MD,33406
24013,Carroll County,MD,168447
24015,Cecil County,MD,102855
24017,Charles County,MD,163257
24019,Dorchester County,MD,31929
24021,Frederick County,MD,259547
24023,Garrett County,MD,29014
24025,Harford County,MD,255441
24027,Howard County,MD,325690
24029,Kent County,MD,19422
24031,Montgomery County,MD,1050688
24033,Prince George's County,MD,909327
24035,Queen Anne's County,MD,50381
24037,St. Mary's County,MD,113510
24039,Somerset County,MD,25616
24041,Talbot County,MD,37181
24043,Washington County,MD,151049
24045,Wicomico County,MD,103609
24047,Worcester County,MD,52276
24510,Baltimore City,MD,593490
0,Statewide Unallocated,MA,0
25001,Barnstable County,MA,212990
25003,Berkshire County,MA,124944
25005,Bristol County,MA,565217
25007,Dukes County,MA,17332
25009,Essex County,MA,789034
25011,Franklin County,MA,70180
25013,Hampden County,MA,466372
25015,Hampshire County,MA,160830
25017,Middlesex County,MA,1611699
25019,Nantucket County,MA,11399
25021,Norfolk County,MA,706775
25023,Plymouth County,MA,521202
25025,Suffolk County,MA,803907
25027,Worcester County,MA,830622
0,Statewide Unallocated,MI,0
26001,Alcona County,MI,10405
26003,Alger County,MI,9108
26005,Allegan County,MI,118081
26007,Alpena County,MI,28405
26009,Antrim County,MI,23324
26011,Arenac County,MI,14883
26013,Baraga County,MI,8209
26015,Barry County,MI,61550
26017,Bay County,MI,103126
26019,Benzie County,MI,17766
26021,Berrien County,MI,153401
26023,Branch County,MI,43517
26025,Calhoun County,MI,134159
26027,Cass County,MI,51787
26029,Charlevoix County,MI,26143
26031,Cheboygan County,MI,25276
26033,Chippewa County,MI,37349
26035,Clare County,MI,30950
26037,Clinton County,MI,79595
26039,Crawford County,MI,14029
26041,Delta County,MI,35784
26043,Dickinson County,MI,25239
26045,Eaton County,MI,110268
26047,Emmet County,MI,33415
26049,Genesee County,MI,405813
26051,Gladwin County,MI,25449
26053,Gogebic County,MI,13975
26055,Grand Traverse County,MI,93088
26057,Gratiot County,MI,40711
26059,Hillsdale County,MI,45605
26061,Houghton County,MI,35684
26063,Huron County,MI,30981
26065,Ingham County,MI,292406
26067,Ionia County,MI,64697
26069,Iosco County,MI,25127
26071,Iron County,MI,11066
26073,Isabella County,MI,69872
26075,Jackson County,MI,158510
26077,Kalamazoo County,MI,265066
26079,Kalkaska County,MI,18038
26081,Kent County,MI,656955
26083,Keweenaw County,MI,2116
26085,Lake County,MI,11853
26087,Lapeer County,MI,87607
26089,Leelanau County,MI,21761
26091,Lenawee County,MI,98451
26093,Livingston County,MI,191995
26095,Luce County,MI,6229
26097,Mackinac County,MI,10799
26099,Macomb County,MI,873972
26101,Manistee County,MI,24558
26103,Marquette County,MI,66699
26105,Mason County,MI,29144
26107,Mecosta County,MI,43453
26109,Menominee County,MI,22780
26111,Midland County,MI,83156
26113,Missaukee County,MI,15118
26115,Monroe County,MI,150500
26117,Montcalm County,MI,63888
26119,Montmorency County,MI,9328
26121,Muskegon County,MI,173566
26123,Newaygo County,MI,48980
26125,Oakland County,MI,1257584
26127,Oceana County,MI,26467
26129,Ogemaw County,MI,20997
26131,Ontonagon County,MI,5720
26133,Osceola County,MI,23460
26135,Oscoda County,MI,8241
26137,Otsego County,MI,24668
26139,Ottawa County,MI,291830
26141,Presque Isle County,MI,12592
26143,Roscommon County,MI,24019
26145,Saginaw County,MI,190539
26147,St. Clair County,MI,159128
26149,St. Joseph County,MI,60964
26151,Sanilac County,MI,41170
26153,Schoolcraft County,MI,8094
26155,Shiawassee County,MI,68122
26157,Tuscola County,MI,52245
26159,Van Buren County,MI,75677
26161,Washtenaw County,MI,367601
26163,Wayne County,MI,1749343
26165,Wexford County,MI,33631
0,Statewide Unallocated,MN,0
27001,Aitkin County,MN,15886
27003,Anoka County,MN,356921
27005,Becker County,MN,34423
27007,Beltrami County,MN,47188
27009,Benton County,MN,40889
27011,Big Stone County,MN,4991
27013,Blue Earth County,MN,67653
27015,Brown County,MN,25008
27017,Carlton County,MN,35871
27019,Carver County,MN,105089
27021,Cass County,MN,29779
27023,Chippewa County,MN,11800
27025,Chisago County,MN,56579
27027,Clay County,MN,64222
27029,Clearwater County,MN,8818
27031,Cook County,MN,5463
27033,Cottonwood County,MN,11196
27035,Crow Wing County,MN,65055
27037,Dakota County,MN,429021
27039,Dodge County,MN,20934
27041,Douglas County,MN,38141
27043,Faribault County,MN,13653
27045,Fillmore County,MN,21067
27047,Freeborn County,MN,30281
27049,Goodhue County,MN,46340
27051,Grant County,MN,5972
27053,Hennepin County,MN,1265843
27055,Houston County,MN,18600
27057,Hubbard County,MN,21491
27059,Isanti County,MN,40596
27061,Itasca County,MN,45130
27063,Jackson County,MN,9846
27065,Kanabec County,MN,16337
27067,Kandiyohi County,MN,43199
27069,Kittson County,MN,4298
27071,Koochiching County,MN,12229
27073,Lac Qui Parle County,MN,6623
27075,Lake County,MN,10641
27077,Lake of the Woods County,MN,3740
27079,Le Sueur County,MN,28887
27081,Lincoln County,MN,5639
27083,Lyon County,MN,25474
27085,McLeod County,MN,35893
27087,Mahnomen County,MN,5527
27089,Marshall County,MN,9336
27091,Martin County,MN,19683
27093,Meeker County,MN,23222
27095,Mille Lacs County,MN,26277
27097,Morrison County,MN,33386
27099,Mower County,MN,40062
27101,Murray County,MN,8194
27103,Nicollet County,MN,34274
27105,Nobles County,MN,21629
27107,Norman County,MN,6375
27109,Olmsted County,MN,158293
27111,Otter Tail County,MN,58746
27113,Pennington County,MN,14119
27115,Pine County,MN,29579
27117,Pipestone County,MN,9126
27119,Polk County,MN,31364
27121,Pope County,MN,11249
27123,Ramsey County,MN,550321
27125,Red Lake County,MN,4055
27127,Redwood County,MN,15170
27129,Renville County,MN,14548
27131,Rice County,MN,66972
27133,Rock County,MN,9315
27135,Roseau County,MN,15165
27137,St. Louis County,MN,199070
27139,Scott County,MN,149013
27141,Sherburne County,MN,97238
27143,Sibley County,MN,14865
27145,Stearns County,MN,161075
27147,Steele County,MN,36649
27149,Stevens County,MN,9805
27151,Swift County,MN,9266
27153,Todd County,MN,24664
27155,Traverse County,MN,3259
27157,Wabasha County,MN,21627
27159,Wadena County,MN,13682
27161,Waseca County,MN,18612
27163,Washington County,MN,262440
27165,Watonwan County,MN,10897
27167,Wilkin County,MN,6207
27169,Winona County,MN,50484
27171,Wright County,MN,138377
27173,Yellow Medicine County,MN,9709
0,Statewide Unallocated,MS,0
28001,Adams County,MS,30693
28003,Alcorn County,MS,36953
28005,Amite County,MS,12297
28007,Attala County,MS,18174
28009,Benton County,MS,8259
28011,Bolivar County,MS,30628
28013,Calhoun County,MS,14361
28015,Carroll County,MS,9947
28017,Chickasaw County,MS,17103
28019,Choctaw County,MS,8210
28021,Claiborne County,MS,8988
28023,Clarke County,MS,15541
28025,Clay County,MS,19316
28027,Coahoma County,MS,22124
28029,Copiah County,MS,28065
28031,Covington County,MS,18636
28033,DeSoto County,MS,184945
28035,Forrest County,MS,74897
28037,Franklin County,MS,7713
28039,George County,MS,24500
28041,Greene County,MS,13586
28043,Grenada County,MS,20758
28045,Hancock County,MS,47632
28047,Harrison County,MS,208080
28049,Hinds County,MS,231840
28051,Holmes County,MS,17010
28053,Humphreys County,MS,8064
28055,Issaquena County,MS,1327
28057,Itawamba County,MS,23390
28059,Jackson County,MS,143617
28061,Jasper County,MS,16383
28063,Jefferson County,MS,6990
28065,Jefferson Davis County,MS,11128
28067,Jones County,MS,68098
28069,Kemper County,MS,9742
28071,Lafayette County,MS,54019
28073,Lamar County,MS,63343
28075,Lauderdale County,MS,74125
28077,Lawrence County,MS,12586
28079,Leake County,MS,22786
28081,Lee County,MS,85436
28083,Leflore County,MS,28183
28085,Lincoln County,MS,34153
28087,Lowndes County,MS,58595
28089,Madison County,MS,106272
28091,Marion County,MS,24573
28093,Marshall County,MS,35294
28095,Monroe County,MS,35252
28097,Montgomery County,MS,9775
28099,Neshoba County,MS,29118
28101,Newton County,MS,21018
28103,Noxubee County,MS,10417
28105,Oktibbeha County,MS,49587
28107,Panola County,MS,34192
28109,Pearl River County,MS,55535
28111,Perry County,MS,11973
28113,Pike County,MS,39288
28115,Pontotoc County,MS,32174
28117,Prentiss County,MS,25126
28119,Quitman County,MS,6792
28121,Rankin County,MS,155271
28123,Scott County,MS,28124
28125,Sharkey County,MS,4321
28127,Simpson County,MS,26658
28129,Smith County,MS,15916
28131,Stone County,MS,18336
28133,Sunflower County,MS,25110
28135,Tallahatchie County,MS,13809
28137,Tate County,MS,28321
28139,Tippah County,MS,22015
28141,Tishomingo County,MS,19383
28143,Tunica County,MS,9632
28145,Union County,MS,28815
28147,Walthall County,MS,14286
28149,Warren County,MS,45381
28151,Washington County,MS,43909
28153,Wayne County,MS,20183
28155,Webster County,MS,9689
28157,Wilkinson County,MS,8630
28159,Winston County,MS,17955
28161,Yalobusha County,MS,12108
28163,Yazoo County,MS,29690
0,Statewide Unallocated,MO,0
29001,Adair County,MO,25343
29003,Andrew County,MO,17712
29005,Atchison County,MO,5143
29007,Audrain County,MO,25388
29009,Barry County,MO,35789
29011,Barton County,MO,11754
29013,Bates County,MO,16172
29015,Benton County,MO,19443
29017,Bollinger County,MO,12133
29019,Boone County,MO,180463
29021,Buchanan County,MO,87364
29023,Butler County,MO,42478
29025,Caldwell County,MO,9020
29027,Callaway County,MO,44743
29029,Camden County,MO,46305
29031,Cape Girardeau County,MO,78871
29033,Carroll County,MO,8679
29035,Carter County,MO,5982
29037,Cass County,MO,105780
29039,Cedar County,MO,14349
29041,Chariton County,MO,7426
29043,Christian County,MO,88595
29045,Clark County,MO,6797
29047,Clay County,MO,249948
29049,Clinton County,MO,20387
29051,Cole County,MO,76745
29053,Cooper County,MO,17709
29055,Crawford County,MO,23920
29057,Dade County,MO,7561
29059,Dallas County,MO,16878
29061,Daviess County,MO,8278
29063,DeKalb County,MO,12547
29065,Dent County,MO,15573
29067,Douglas County,MO,13185
29069,Dunklin County,MO,29131
29071,Franklin County,MO,103967
29073,Gasconade County,MO,14706
29075,Gentry County,MO,6571
29077,Greene County,MO,293086
29079,Grundy County,MO,9850
29081,Harrison County,MO,8352
29083,Henry County,MO,21824
29085,Hickory County,MO,9544
29087,Holt County,MO,4403
29089,Howard County,MO,10001
29091,Howell County,MO,40117
29093,Iron County,MO,10125
29095,Jackson County (including other portions of Kansas City),MO,703011
29097,Jasper County,MO,121328
29099,Jefferson County,MO,225081
29101,Johnson County,MO,54062
29103,Knox County,MO,3959
29105,Laclede County,MO,35723
29107,Lafayette County,MO,32708
29109,Lawrence County,MO,38355
29111,Lewis County,MO,9776
29113,Lincoln County,MO,59013
29115,Linn County,MO,11920
29117,Livingston County,MO,15227
29119,McDonald County,MO,22837
29121,Macon County,MO,15117
29123,Madison County,MO,12088
29125,Maries County,MO,8697
29127,Marion County,MO,28530
29129,Mercer County,MO,3617
29131,Miller County,MO,25619
29133,Mississippi County,MO,13180
29135,Moniteau County,MO,16132
29137,Monroe County,MO,8644
29139,Montgomery County,MO,11551
29141,Morgan County,MO,20627
29143,New Madrid County,MO,17076
29145,Newton County,MO,58236
29147,Nodaway County,MO,22092
29149,Oregon County,MO,10529
29151,Osage County,MO,13615
29153,Ozark County,MO,9174
29155,Pemiscot County,MO,15805
29157,Perry County,MO,19136
29159,Pettis County,MO,42339
29161,Phelps County,MO,44573
29163,Pike County,MO,18302
29165,Platte County,MO,104418
29167,Polk County,MO,32149
29169,Pulaski County,MO,52607
29171,Putnam County,MO,4696
29173,Ralls County,MO,10309
29175,Randolph County,MO,24748
29177,Ray County,MO,23018
29179,Reynolds County,MO,6270
29181,Ripley County,MO,13288
29183,St. Charles County,MO,402022
29185,St. Clair County,MO,9397
29186,Ste. Genevieve County,MO,17894
29187,St. Francois County,MO,67215
29189,St. Louis County,MO,994205
29195,Saline County,MO,22761
29197,Schuyler County,MO,4660
29199,Scotland County,MO,4902
29201,Scott County,MO,38280
29203,Shannon County,MO,8166
29205,Shelby County,MO,5930
29207,Stoddard County,MO,29025
29209,Stone County,MO,31952
29211,Sullivan County,MO,6089
29213,Taney County,MO,55928
29215,Texas County,MO,25398
29217,Vernon County,MO,20563
29219,Warren County,MO,35649
29221,Washington County,MO,24730
29223,Wayne County,MO,12873
29225,Webster County,MO,39592
29227,Worth County,MO,2013
29229,Wright County,MO,18289
29510,City of St. Louis,MO,300576
0,Statewide Unallocated,MT,0
30001,Beaverhead County,MT,9453
30003,Big Horn County,MT,13319
30005,Blaine County,MT,6681
30007,Broadwater County,MT,6237
30009,Carbon County,MT,10725
30011,Carter County,MT,1252
30013,Cascade County,MT,81366
30015,Chouteau County,MT,5635
30017,Custer County,MT,11402
30019,Daniels County,MT,1690
30021,Dawson County,MT,8613
30023,Deer Lodge County,MT,9140
30025,Fallon County,MT,2846
30027,Fergus County,MT,11050
30029,Flathead County,MT,103806
30031,Gallatin County,MT,114434
30033,Garfield County,MT,1258
30035,Glacier County,MT,13753
30037,Golden Valley County,MT,821
30039,Granite County,MT,3379
30041,Hill County,MT,16484
30043,Jefferson County,MT,12221
30045,Judith Basin County,MT,2007
30047,Lake County,MT,30458
30049,Lewis and Clark County,MT,69432
30051,Liberty County,MT,2337
30053,Lincoln County,MT,19980
30055,McCone County,MT,1664
30057,Madison County,MT,8600
30059,Meagher County,MT,1862
30061,Mineral County,MT,4397
30063,Missoula County,MT,119600
30065,Musselshell County,MT,4633
30067,Park County,MT,16606
30069,Petroleum County,MT,487
30071,Phillips County,MT,3954
30073,Pondera County,MT,5911
30075,Powder River County,MT,1682
30077,Powell County,MT,6890
30079,Prairie County,MT,1077
30081,Ravalli County,MT,43806
30083,Richland County,MT,10803
30085,Roosevelt County,MT,11004
30087,Rosebud County,MT,8937
30089,Sanders County,MT,12113
30091,Sheridan County,MT,3309
30093,Silver Bow County,MT,34915
30095,Stillwater County,MT,9642
30097,Sweet Grass County,MT,3737
30099,Teton County,MT,6147
30101,Toole County,MT,4736
30103,Treasure County,MT,696
30105,Valley County,MT,7396
30107,Wheatland County,MT,2126
30109,Wibaux County,MT,969
30111,Yellowstone County,MT,161300
0,Statewide Unallocated,NE,0
31001,Adams County,NE,31363
31003,Antelope County,NE,6298
31005,Arthur County,NE,463
31007,Banner County,NE,745
31009,Blaine County,NE,465
31011,Boone County,NE,5192
31013,Box Butte County,NE,10783
31015,Boyd County,NE,1919
31017,Brown County,NE,2955
31019,Buffalo County,NE,49659
31021,Burt County,NE,6459
31023,Butler County,NE,8016
31025,Cass County,NE,26248
31027,Cedar County,NE,8402
31029,Chase County,NE,3924
31031,Cherry County,NE,5689
31033,Cheyenne County,NE,8910
31035,Clay County,NE,6203
31037,Colfax County,NE,10709
31039,Cuming County,NE,8846
31041,Custer County,NE,10777
31043,Dakota County,NE,20026
31045,Dawes County,NE,8589
31047,Dawson County,NE,23595
31049,Deuel County,NE,1794
31051,Dixon County,NE,5636
31053,Dodge County,NE,36565
31055,Douglas County,NE,571327
31057,Dundy County,NE,1693
31059,Fillmore County,NE,5462
31061,Franklin County,NE,2979
31063,Frontier County,NE,2627
31065,Furnas County,NE,4676
31067,Gage County,NE,21513
31069,Garden County,NE,1837
31071,Garfield County,NE,1969
31073,Gosper County,NE,1990
31075,Grant County,NE,623
31077,Greeley County,NE,2356
31079,Hall County,NE,61353
31081,Hamilton County,NE,9324
31083,Harlan County,NE,3380
31085,Hayes County,NE,922
31087,Hitchcock County,NE,2762
31089,Holt County,NE,10067
31091,Hooker County,NE,682
31093,Howard County,NE,6445
31095,Jefferson County,NE,7046
31097,Johnson County,NE,5071
31099,Kearney County,NE,6495
31101,Keith County,NE,8034
31103,Keya Paha County,NE,806
31105,Kimball County,NE,3632
31107,Knox County,NE,8332
31109,Lancaster County,NE,319090
31111,Lincoln County,NE,34914
31113,Logan County,NE,748
31115,Loup County,NE,664
31117,McPherson County,NE,494
31119,Madison County,NE,35099
31121,Merrick County,NE,7755
31123,Morrill County,NE,4642
31125,Nance County,NE,3519
31127,Nemaha County,NE,6972
31129,Nuckolls County,NE,4148
31131,Otoe County,NE,16012
31133,Pawnee County,NE,2613
31135,Perkins County,NE,2891
31137,Phelps County,NE,9034
31139,Pierce County,NE,7148
31141,Platte County,NE,33470
31143,Polk County,NE,5213
31145,Red Willow County,NE,10724
31147,Richardson County,NE,7865
31149,Rock County,NE,1357
31151,Saline County,NE,14224
31153,Sarpy County,NE,187196
31155,Saunders County,NE,21578
31157,Scotts Bluff County,NE,35618
31159,Seward County,NE,17284
31161,Sheridan County,NE,5246
31163,Sherman County,NE,3001
31165,Sioux County,NE,1166
31167,Stanton County,NE,5920
31169,Thayer County,NE,5003
31171,Thomas County,NE,722
31173,Thurston County,NE,7224
31175,Valley County,NE,4158
31177,Washington County,NE,20729
31179,Wayne County,NE,9385
31181,Webster County,NE,3487
31183,Wheeler County,NE,783
31185,York County,NE,13679
0,Statewide Unallocated,NV,0
32001,Churchill County,NV,24909
32003,Clark County,NV,2266715
32005,Douglas County,NV,48905
32007,Elko County,NV,52778
32009,Esmeralda County,NV,873
32011,Eureka County,NV,2029
32013,Humboldt County,NV,16831
32015,Lander County,NV,5532
32017,Lincoln County,NV,5183
32019,Lyon County,NV,57510
32021,Mineral County,NV,4505
32023,Nye County,NV,46523
32027,Pershing County,NV,6725
32029,Storey County,NV,4123
32031,Washoe County,NV,471519
32033,White Pine County,NV,9580
32510,Carson City,NV,55916
0,Statewide Unallocated,NH,0
33001,Belknap County,NH,61303
33003,Carroll County,NH,48910
33005,Cheshire County,NH,76085
33007,Coos County,NH,31563
33009,Grafton County,NH,89886
33011,Hillsborough County,NH,417025
33013,Merrimack County,NH,151391
33015,Rockingham County,NH,309769
33017,Strafford County,NH,130633
33019,Sullivan County,NH,43146
0,Statewide Unallocated,NJ,0
34001,Atlantic County,NJ,263670
34003,Bergen County,NJ,932202
34005,Burlington County,NJ,445349
34007,Camden County,NJ,506471
34009,Cape May County,NJ,92039
34011,Cumberland County,NJ,149527
34013,Essex County,NJ,798975
34015,Gloucester County,NJ,291636
34017,Hudson County,NJ,672391
34019,Hunterdon County,NJ,124371
34021,Mercer County,NJ,367430
34023,Middlesex County,NJ,825062
34025,Monmouth County,NJ,618795
34027,Morris County,NJ,491845
34029,Ocean County,NJ,607186
34031,Passaic County,NJ,501826
34033,Salem County,NJ,62385
34035,Somerset County,NJ,328934
34037,Sussex County,NJ,140488
34039,Union County,NJ,556341
34041,Warren County,NJ,105267
0,Statewide Unallocated,NM,0
35001,Bernalillo County,NM,679121
35003,Catron County,NM,3527
35005,Chaves County,NM,64615
35006,Cibola County,NM,26675
35007,Colfax County,NM,11941
35009,Curry County,NM,48954
35011,De Baca County,NM,1748
35013,Doña Ana County,NM,218195
35015,Eddy County,NM,58460
35017,Grant County,NM,26998
35019,Guadalupe County,NM,4300
35021,Harding County,NM,625
35023,Hidalgo County,NM,4198
35025,Lea County,NM,71070
35027,Lincoln County,NM,19572
35028,Los Alamos County,NM,19369
35029,Luna County,NM,23709
35031,McKinley County,NM,71367
35033,Mora County,NM,4521
35035,Otero County,NM,67490
35037,Quay County,NM,8253
35039,Rio Arriba County,NM,38921
35041,Roosevelt County,NM,18500
35043,Sandoval County,NM,146748
35045,San Juan County,NM,123958
35047,San Miguel County,NM,27277
35049,Santa Fe County,NM,150358
35051,Sierra County,NM,10791
35053,Socorro County,NM,16637
35055,Taos County,NM,32723
35057,Torrance County,NM,15461
35059,Union County,NM,4059
35061,Valencia County,NM,76688
0,Statewide Unallocated,NY,0
0,New York City Unallocated,NY,0
36001,Albany County,NY,305506
36003,Allegany County,NY,46091
36005,Bronx County,NY,1418207
36007,Broome County,NY,190488
36009,Cattaraugus County,NY,76117
36011,Cayuga County,NY,76576
36013,Chautauqua County,NY,126903
36015,Chemung County,NY,83456
36017,Chenango County,NY,47207
36019,Clinton County,NY,80485
36021,Columbia County,NY,59461
36023,Cortland County,NY,47581
36025,Delaware County,NY,44135
36027,Dutchess County,NY,294218
36029,Erie County,NY,918702
36031,Essex County,NY,36885
36033,Franklin County,NY,50022
36035,Fulton County,NY,53383
36037,Genesee County,NY,57280
36039,Greene County,NY,47188
36041,Hamilton County,NY,4416
36043,Herkimer County,NY,61319
36045,Jefferson County,NY,109834
36047,Kings County,NY,2559903
36049,Lewis County,NY,26296
36051,Livingston County,NY,62914
36053,Madison County,NY,70941
36055,Monroe County,NY,741770
36057,Montgomery County,NY,49221
36059,Nassau County,NY,1356924
36061,New York County,NY,1628706
36063,Niagara County,NY,209281
36065,Oneida County,NY,228671
36067,Onondaga County,NY,460528
36069,Ontario County,NY,109777
36071,Orange County,NY,384940
36073,Orleans County,NY,40352
36075,Oswego County,NY,117124
36077,Otsego County,NY,59493
36079,Putnam County,NY,98320
36081,Queens County,NY,2253858
36083,Rensselaer County,NY,158714
36085,Richmond County,NY,476143
36087,Rockland County,NY,325789
36089,St. Lawrence County,NY,107740
36091,Saratoga County,NY,229863
36093,Schenectady County,NY,155299
36095,Schoharie County,NY,30999
36097,Schuyler County,NY,17807
36099,Seneca County,NY,34016
36101,Steuben County,NY,95379
36103,Suffolk County,NY,1476601
36105,Sullivan County,NY,75432
36107,Tioga County,NY,48203
36109,Tompkins County,NY,102180
36111,Ulster County,NY,177573
36113,Warren County,NY,63944
36115,Washington County,NY,61204
36117,Wayne County,NY,89918
36119,Westchester County,NY,967506
36121,Wyoming County,NY,39859
36123,Yates County,NY,24913
0,Statewide Unallocated,NC,0
37001,Alamance County,NC,169509
37003,Alexander County,NC,37497
37005,Alleghany County,NC,11137
37007,Anson County,NC,24446
37009,Ashe County,NC,27203
37011,Avery County,NC,17557
37013,Beaufort County,NC,46994
37015,Bertie County,NC,18947
37017,Bladen County,NC,32722
37019,Brunswick County,NC,142820
37021,Buncombe County,NC,261191
37023,Burke County,NC,90485
37025,Cabarrus County,NC,216453
37027,Caldwell County,NC,82178
37029,Camden County,NC,10867
37031,Carteret County,NC,69473
37033,Caswell County,NC,22604
37035,Catawba County,NC,159551
37037,Chatham County,NC,74470
37039,Cherokee County,NC,28612
37041,Chowan County,NC,13943
37043,Clay County,NC,11231
37045,Cleveland County,NC,97947
37047,Columbus County,NC,55508
37049,Craven County,NC,102139
37051,Cumberland County,NC,335509
37053,Currituck County,NC,27763
37055,Dare County,NC,37009
37057,Davidson County,NC,167609
37059,Davie County,NC,42846
37061,Duplin County,NC,58741
37063,Durham County,NC,321488
37065,Edgecombe County,NC,51472
37067,Forsyth County,NC,382295
37069,Franklin County,NC,69685
37071,Gaston County,NC,224529
37073,Gates County,NC,11562
37075,Graham County,NC,8441
37077,Granville County,NC,60443
37079,Greene County,NC,21069
37081,Guilford County,NC,537174
37083,Halifax County,NC,50010
37085,Harnett County,NC,135976
37087,Haywood County,NC,62317
37089,Henderson County,NC,117417
37091,Hertford County,NC,23677
37093,Hoke County,NC,55234
37095,Hyde County,NC,4937
37097,Iredell County,NC,181806
37099,Jackson County,NC,43938
37101,Johnston County,NC,209339
37103,Jones County,NC,9419
37105,Lee County,NC,61779
37107,Lenoir County,NC,55949
37109,Lincoln County,NC,86111
37111,McDowell County,NC,45756
37113,Macon County,NC,35858
37115,Madison County,NC,21755
37117,Martin County,NC,22440
37119,Mecklenburg County,NC,1110356
37121,Mitchell County,NC,14964
37123,Montgomery County,NC,27173
37125,Moore County,NC,100880
37127,Nash County,NC,94298
37129,New Hanover County,NC,234473
37131,Northampton County,NC,19483
37133,Onslow County,NC,197938
37135,Orange County,NC,148476
37137,Pamlico County,NC,12726
37139,Pasquotank County,NC,39824
37141,Pender County,NC,63060
37143,Perquimans County,NC,13463
37145,Person County,NC,39490
37147,Pitt County,NC,180742
37149,Polk County,NC,20724
37151,Randolph County,NC,143667
37153,Richmond County,NC,44829
37155,Robeson County,NC,130625
37157,Rockingham County,NC,91010
37159,Rowan County,NC,142088
37161,Rutherford County,NC,67029
37163,Sampson County,NC,63531
37165,Scotland County,NC,34823
37167,Stanly County,NC,62806
37169,Stokes County,NC,45591
37171,Surry County,NC,71783
37173,Swain County,NC,14271
37175,Transylvania County,NC,34385
37177,Tyrrell County,NC,4016
37179,Union County,NC,239859
37181,Vance County,NC,44535
37183,Wake County,NC,1111761
37185,Warren County,NC,19731
37187,Washington County,NC,11580
37189,Watauga County,NC,56177
37191,Wayne County,NC,123131
37193,Wilkes County,NC,68412
37195,Wilson County,NC,81801
37197,Yadkin County,NC,37667
37199,Yancey County,NC,18069
0,Statewide Unallocated,ND,0
38001,Adams County,ND,2216
38003,Barnes County,ND,10415
38005,Benson County,ND,6832
38007,Billings County,ND,928
38009,Bottineau County,ND,6282
38011,Bowman County,ND,3024
38013,Burke County,ND,2115
38015,Burleigh County,ND,95626
38017,Cass County,ND,181923
38019,Cavalier County,ND,3762
38021,Dickey County,ND,4872
38023,Divide County,ND,2264
38025,Dunn County,ND,4424
38027,Eddy County,ND,2287
38029,Emmons County,ND,3241
38031,Foster County,ND,3210
38033,Golden Valley County,ND,1761
38035,Grand Forks County,ND,69451
38037,Grant County,ND,2274
38039,Griggs County,ND,2231
38041,Hettinger County,ND,2499
38043,Kidder County,ND,2480
38045,LaMoure County,ND,4046
38047,Logan County,ND,1850
38049,McHenry County,ND,5745
38051,McIntosh County,ND,2497
38053,McKenzie County,ND,15024
38055,McLean County,ND,9450
38057,Mercer County,ND,8187
38059,Morton County,ND,31364
38061,Mountrail County,ND,10545
38063,Nelson County,ND,2879
38065,Oliver County,ND,1959
38067,Pembina County,ND,6801
38069,Pierce County,ND,3975
38071,Ramsey County,ND,11519
38073,Ransom County,ND,5218
38075,Renville County,ND,2327
38077,Richland County,ND,16177
38079,Rolette County,ND,14176
38081,Sargent County,ND,3898
38083,Sheridan County,ND,1315
38085,Sioux County,ND,4230
38087,Slope County,ND,750
38089,Stark County,ND,31489
38091,Steele County,ND,1890
38093,Stutsman County,ND,20704
38095,Towner County,ND,2189
38097,Traill County,ND,8036
38099,Walsh County,ND,10641
38101,Ward County,ND,67641
38103,Wells County,ND,3834
38105,Williams County,ND,37589
0,Statewide Unallocated,OH,0
39001,Adams County,OH,27698
39003,Allen County,OH,102351
39005,Ashland County,OH,53484
39007,Ashtabula County,OH,97241
39009,Athens County,OH,65327
39011,Auglaize County,OH,45656
39013,Belmont County,OH,67006
39015,Brown County,OH,43432
39017,Butler County,OH,383134
39019,Carroll County,OH,26914
39021,Champaign County,OH,38885
39023,Clark County,OH,134083
39025,Clermont County,OH,206428
39027,Clinton County,OH,41968
39029,Columbiana County,OH,101883
39031,Coshocton County,OH,36600
39033,Crawford County,OH,41494
39035,Cuyahoga County,OH,1235072
39037,Darke County,OH,51113
39039,Defiance County,OH,38087
39041,Delaware County,OH,209177
39043,Erie County,OH,74266
39045,Fairfield County,OH,157574
39047,Fayette County,OH,28525
39049,Franklin County,OH,1316756
39051,Fulton County,OH,42126
39053,Gallia County,OH,29898
39055,Geauga County,OH,93649
39057,Greene County,OH,168937
39059,Guernsey County,OH,38875
39061,Hamilton County,OH,817473
39063,Hancock County,OH,75783
39065,Hardin County,OH,31365
39067,Harrison County,OH,15040
39069,Henry County,OH,27006
39071,Highland County,OH,43161
39073,Hocking County,OH,28264
39075,Holmes County,OH,43960
39077,Huron County,OH,58266
39079,Jackson County,OH,32413
39081,Jefferson County,OH,65325
39083,Knox County,OH,62322
39085,Lake County,OH,230149
39087,Lawrence County,OH,59463
39089,Licking County,OH,176862
39091,Logan County,OH,45672
39093,Lorain County,OH,309833
39095,Lucas County,OH,428348
39097,Madison County,OH,44731
39099,Mahoning County,OH,228683
39101,Marion County,OH,65093
39103,Medina County,OH,179746
39105,Meigs County,OH,22907
39107,Mercer County,OH,41172
39109,Miami County,OH,106987
39111,Monroe County,OH,13654
39113,Montgomery County,OH,531687
39115,Morgan County,OH,14508
39117,Morrow County,OH,35328
39119,Muskingum County,OH,86215
39121,Noble County,OH,14424
39123,Ottawa County,OH,40525
39125,Paulding County,OH,18672
39127,Perry County,OH,36134
39129,Pickaway County,OH,58457
39131,Pike County,OH,27772
39133,Portage County,OH,162466
39135,Preble County,OH,40882
39137,Putnam County,OH,33861
39139,Richland County,OH,121154
39141,Ross County,OH,76666
39143,Sandusky County,OH,58518
39145,Scioto County,OH,75314
39147,Seneca County,OH,55178
39149,Shelby County,OH,48590
39151,Stark County,OH,370606
39153,Summit County,OH,541013
39155,Trumbull County,OH,197974
39157,Tuscarawas County,OH,91987
39159,Union County,OH,58988
39161,Van Wert County,OH,28275
39163,Vinton County,OH,13085
39165,Warren County,OH,234602
39167,Washington County,OH,59911
39169,Wayne County,OH,115710
39171,Williams County,OH,36692
39173,Wood County,OH,130817
39175,Wyandot County,OH,21772
0,Statewide Unallocated,OK,0
40001,Adair County,OK,22194
40003,Alfalfa County,OK,5702
40005,Atoka County,OK,13758
40007,Beaver County,OK,5311
40009,Beckham County,OK,21859
40011,Blaine County,OK,9429
40013,Bryan County,OK,47995
40015,Caddo County,OK,28762
40017,Canadian County,OK,148306
40019,Carter County,OK,48111
40021,Cherokee County,OK,48657
40023,Choctaw County,OK,14672
40025,Cimarron County,OK,2137
40027,Cleveland County,OK,284014
40029,Coal County,OK,5495
40031,Comanche County,OK,120749
40033,Cotton County,OK,5666
40035,Craig County,OK,14142
40037,Creek County,OK,71522
40039,Custer County,OK,29003
40041,Delaware County,OK,43009
40043,Dewey County,OK,4891
40045,Ellis County,OK,3859
40047,Garfield County,OK,61056
40049,Garvin County,OK,27711
40051,Grady County,OK,55834
40053,Grant County,OK,4333
40055,Greer County,OK,5712
40057,Harmon County,OK,2653
40059,Harper County,OK,3688
40061,Haskell County,OK,12627
40063,Hughes County,OK,13279
40065,Jackson County,OK,24530
40067,Jefferson County,OK,6002
40069,Johnston County,OK,11085
40071,Kay County,OK,43538
40073,Kingfisher County,OK,15765
40075,Kiowa County,OK,8708
40077,Latimer County,OK,10073
40079,Le Flore County,OK,49853
40081,Lincoln County,OK,34877
40083,Logan County,OK,48011
40085,Love County,OK,10253
40087,McClain County,OK,40474
40089,McCurtain County,OK,32832
40091,McIntosh County,OK,19596
40093,Major County,OK,7629
40095,Marshall County,OK,16931
40097,Mayes County,OK,41100
40099,Murray County,OK,14073
40101,Muskogee County,OK,67997
40103,Noble County,OK,11131
40105,Nowata County,OK,10076
40107,Okfuskee County,OK,11993
40109,Oklahoma County,OK,797434
40111,Okmulgee County,OK,38465
40113,Osage County,OK,46963
40115,Ottawa County,OK,31127
40117,Pawnee County,OK,16376
40119,Payne County,OK,81784
40121,Pittsburg County,OK,43654
40123,Pontotoc County,OK,38284
40125,Pottawatomie County,OK,72592
40127,Pushmataha County,OK,11096
40129,Roger Mills County,OK,3583
40131,Rogers County,OK,92459
40133,Seminole County,OK,24258
40135,Sequoyah County,OK,41569
40137,Stephens County,OK,43143
40139,Texas County,OK,19983
40141,Tillman County,OK,7250
40143,Tulsa County,OK,651552
40145,Wagoner County,OK,81289
40147,Washington County,OK,51527
40149,Washita County,OK,10916
40151,Woods County,OK,8793
40153,Woodward County,OK,20211
0,Statewide Unallocated,OR,0
41001,Baker County,OR,16124
41003,Benton County,OR,93053
41005,Clackamas County,OR,418187
41007,Clatsop County,OR,40224
41009,Columbia County,OR,52354
41011,Coos County,OR,64487
41013,Crook County,OR,24404
41015,Curry County,OR,22925
41017,Deschutes County,OR,197692
41019,Douglas County,OR,110980
41021,Gilliam County,OR,1912
41023,Grant County,OR,7199
41025,Harney County,OR,7393
41027,Hood River County,OR,23382
41029,Jackson County,OR,220944
41031,Jefferson County,OR,24658
41033,Josephine County,OR,87487
41035,Klamath County,OR,68238
41037,Lake County,OR,7869
41039,Lane County,OR,382067
41041,Lincoln County,OR,49962
41043,Linn County,OR,129749
41045,Malheur County,OR,30571
41047,Marion County,OR,347818
41049,Morrow County,OR,11603
41051,Multnomah County,OR,812855
41053,Polk County,OR,86085
41055,Sherman County,OR,1780
41057,Tillamook County,OR,27036
41059,Umatilla County,OR,77950
41061,Union County,OR,26835
41063,Wallowa County,OR,7208
41065,Wasco County,OR,26682
41067,Washington County,OR,601592
41069,Wheeler County,OR,1332
41071,Yamhill County,OR,107100
0,Statewide Unallocated,PA,0
42001,Adams County,PA,103009
42003,Allegheny County,PA,1216045
42005,Armstrong County,PA,64735
42007,Beaver County,PA,163929
42009,Bedford County,PA,47888
42011,Berks County,PA,421164
42013,Blair County,PA,121829
42015,Bradford County,PA,60323
42017,Bucks County,PA,628270
42019,Butler County,PA,187853
42021,Cambria County,PA,130192
42023,Cameron County,PA,4447
42025,Carbon County,PA,64182
42027,Centre County,PA,162385
42029,Chester County,PA,524989
42031,Clarion County,PA,38438
42033,Clearfield County,PA,79255
42035,Clinton County,PA,38632
42037,Columbia County,PA,64964
42039,Crawford County,PA,84629
42041,Cumberland County,PA,253370
42043,Dauphin County,PA,278299
42045,Delaware County,PA,566747
42047,Elk County,PA,29910
42049,Erie County,PA,269728
42051,Fayette County,PA,129274
42053,Forest County,PA,7247
42055,Franklin County,PA,155027
42057,Fulton County,PA,14530
42059,Greene County,PA,36233
42061,Huntingdon County,PA,45144
42063,Indiana County,PA,84073
42065,Jefferson County,PA,43425
42067,Juniata County,PA,24763
42069,Lackawanna County,PA,209674
42071,Lancaster County,PA,545724
42073,Lawrence County,PA,85512
42075,Lebanon County,PA,141793
42077,Lehigh County,PA,369318
42079,Luzerne County,PA,317417
42081,Lycoming County,PA,113299
42083,McKean County,PA,40625
42085,Mercer County,PA,109424
42087,Mifflin County,PA,46138
42089,Monroe County,PA,170271
42091,Montgomery County,PA,830915
42093,Montour County,PA,18230
42095,Northampton County,PA,305285
42097,Northumberland County,PA,90843
42099,Perry County,PA,46272
42101,Philadelphia County,PA,1584064
42103,Pike County,PA,55809
42105,Potter County,PA,16526
42107,Schuylkill County,PA,141359
42109,Snyder County,PA,40372
42111,Somerset County,PA,73447
42113,Sullivan County,PA,6066
42115,Susquehanna County,PA,40328
42117,Tioga County,PA,40591
42119,Union County,PA,44923
42121,Venango County,PA,50668
42123,Warren County,PA,39191
42125,Washington County,PA,206865
42127,Wayne County,PA,51361
42129,Westmoreland County,PA,348899
42131,Wyoming County,PA,26794
42133,York County,PA,449058
0,Statewide Unallocated,RI,0
44001,Bristol County,RI,48479
44003,Kent County,RI,164292
44005,Newport County,RI,82082
44007,Providence County,RI,638931
44009,Washington County,RI,125577
0,Statewide Unallocated,SC,0
45001,Abbeville County,SC,24527
45003,Aiken County,SC,170872
45005,Allendale County,SC,8688
45007,Anderson County,SC,202558
45009,Bamberg County,SC,14066
45011,Barnwell County,SC,20866
45013,Beaufort County,SC,192122
45015,Berkeley County,SC,227907
45017,Calhoun County,SC,14553
45019,Charleston County,SC,411406
45021,Cherokee County,SC,57300
45023,Chester County,SC,32244
45025,Chesterfield County,SC,45650
45027,Clarendon County,SC,33745
45029,Colleton County,SC,37677
45031,Darlington County,SC,66618
45033,Dillon County,SC,30479
45035,Dorchester County,SC,162809
45037,Edgefield County,SC,27260
45039,Fairfield County,SC,22347
45041,Florence County,SC,138293
45043,Georgetown County,SC,62680
45045,Greenville County,SC,523542
45047,Greenwood County,SC,70811
45049,Hampton County,SC,19222
45051,Horry County,SC,354081
45053,Jasper County,SC,30073
45055,Kershaw County,SC,66551
45057,Lancaster County,SC,98012
45059,Laurens County,SC,67493
45061,Lee County,SC,16828
45063,Lexington County,SC,298750
45065,McCormick County,SC,9463
45067,Marion County,SC,30657
45069,Marlboro County,SC,26118
45071,Newberry County,SC,38440
45073,Oconee County,SC,79546
45075,Orangeburg County,SC,86175
45077,Pickens County,SC,126884
45079,Richland County,SC,415759
45081,Saluda County,SC,20473
45083,Spartanburg County,SC,319785
45085,Sumter County,SC,106721
45087,Union County,SC,27316
45089,Williamsburg County,SC,30368
45091,York County,SC,280979
0,Statewide Unallocated,SD,0
46003,Aurora County,SD,2751
46005,Beadle County,SD,18453
46007,Bennett County,SD,3365
46009,Bon Homme County,SD,6901
46011,Brookings County,SD,35077
46013,Brown County,SD,38839
46015,Brule County,SD,5297
46017,Buffalo County,SD,1962
46019,Butte County,SD,10429
46021,Campbell County,SD,1376
46023,Charles Mix County,SD,9292
46025,Clark County,SD,3736
46027,Clay County,SD,14070
46029,Codington County,SD,28009
46031,Corson County,SD,4086
46033,Custer County,SD,8972
46035,Davison County,SD,19775
46037,Day County,SD,5424
46039,Deuel County,SD,4351
46041,Dewey County,SD,5892
46043,Douglas County,SD,2921
46045,Edmunds County,SD,3829
46047,Fall River County,SD,6713
46049,Faulk County,SD,2299
46051,Grant County,SD,7052
46053,Gregory County,SD,4185
46055,Haakon County,SD,1899
46057,Hamlin County,SD,6164
46059,Hand County,SD,3191
46061,Hanson County,SD,3453
46063,Harding County,SD,1298
46065,Hughes County,SD,17526
46067,Hutchinson County,SD,7291
46069,Hyde County,SD,1301
46071,Jackson County,SD,3344
46073,Jerauld County,SD,2013
46075,Jones County,SD,903
46077,Kingsbury County,SD,4939
46079,Lake County,SD,12797
46081,Lawrence County,SD,25844
46083,Lincoln County,SD,61128
46085,Lyman County,SD,3781
46087,McCook County,SD,5586
46089,McPherson County,SD,2379
46091,Marshall County,SD,4935
46093,Meade County,SD,28332
46095,Mellette County,SD,2061
46097,Miner County,SD,2216
46099,Minnehaha County,SD,193134
46101,Moody County,SD,6576
46102,Oglala Lakota County,SD,14177
46103,Pennington County,SD,113775
46105,Perkins County,SD,2865
46107,Potter County,SD,2153
46109,Roberts County,SD,10394
46111,Sanborn County,SD,2344
46115,Spink County,SD,6376
46117,Stanley County,SD,3098
46119,Sully County,SD,1391
46121,Todd County,SD,10177
46123,Tripp County,SD,5441
46125,Turner County,SD,8384
46127,Union County,SD,15932
46129,Walworth County,SD,5435
46135,Yankton County,SD,22814
46137,Ziebach County,SD,2756
0,Statewide Unallocated,TN,0
47001,Anderson County,TN,76978
47003,Bedford County,TN,49713
47005,Benton County,TN,16160
47007,Bledsoe County,TN,15064
47009,Blount County,TN,133088
47011,Bradley County,TN,108110
47013,Campbell County,TN,39842
47015,Cannon County,TN,14678
47017,Carroll County,TN,27767
47019,Carter County,TN,56391
47021,Cheatham County,TN,40667
47023,Chester County,TN,17297
47025,Claiborne County,TN,31959
47027,Clay County,TN,7615
47029,Cocke County,TN,36004
47031,Coffee County,TN,56520
47033,Crockett County,TN,14230
47035,Cumberland County,TN,60520
47037,Davidson County,TN,694144
47039,Decatur County,TN,11663
47041,DeKalb County,TN,20490
47043,Dickson County,TN,53948
47045,Dyer County,TN,37159
47047,Fayette County,TN,41133
47049,Fentress County,TN,18523
47051,Franklin County,TN,42208
47053,Gibson County,TN,49133
47055,Giles County,TN,29464
47057,Grainger County,TN,23320
47059,Greene County,TN,69069
47061,Grundy County,TN,13427
47063,Hamblen County,TN,64934
47065,Hamilton County,TN,367804
47067,Hancock County,TN,6620
47069,Hardeman County,TN,25050
47071,Hardin County,TN,25652
47073,Hawkins County,TN,56786
47075,Haywood County,TN,17304
47077,Henderson County,TN,28117
47079,Henry County,TN,32345
47081,Hickman County,TN,25178
47083,Houston County,TN,8201
47085,Humphreys County,TN,18582
47087,Jackson County,TN,11786
47089,Jefferson County,TN,54495
47091,Johnson County,TN,17788
47093,Knox County,TN,470313
47095,Lake County,TN,7016
47097,Lauderdale County,TN,25633
47099,Lawrence County,TN,44142
47101,Lewis County,TN,12268
47103,Lincoln County,TN,34366
47105,Loudon County,TN,54068
47107,McMinn County,TN,53794
47109,McNairy County,TN,25694
47111,Macon County,TN,24602
47113,Madison County,TN,97984
47115,Marion County,TN,28907
47117,Marshall County,TN,34375
47119,Maury County,TN,96387
47121,Meigs County,TN,12422
47123,Monroe County,TN,46545
47125,Montgomery County,TN,208993
47127,Moore County,TN,6488
47129,Morgan County,TN,21403
47131,Obion County,TN,30069
47133,Overton County,TN,22241
47135,Perry County,TN,8076
47137,Pickett County,TN,5048
47139,Polk County,TN,16832
47141,Putnam County,TN,80245
47143,Rhea County,TN,33167
47145,Roane County,TN,53382
47147,Robertson County,TN,71813
47149,Rutherford County,TN,332285
47151,Scott County,TN,22068
47153,Sequatchie County,TN,15026
47155,Sevier County,TN,98250
47157,Shelby County,TN,937166
47159,Smith County,TN,20157
47161,Stewart County,TN,13715
47163,Sullivan County,TN,158348
47165,Sumner County,TN,191283
47167,Tipton County,TN,61599
47169,Trousdale County,TN,11284
47171,Unicoi County,TN,17883
47173,Union County,TN,19972
47175,Van Buren County,TN,5872
47177,Warren County,TN,41277
47179,Washington County,TN,129375
47181,Wayne County,TN,16673
47183,Weakley County,TN,33328
47185,White County,TN,27345
47187,Williamson County,TN,238412
47189,Wilson County,TN,144657
0,Statewide Unallocated,TX,0
48001,Anderson County,TX,57735
48003,Andrews County,TX,18705
48005,Angelina County,TX,86715
48007,Aransas County,TX,23510
48009,Archer County,TX,8553
48011,Armstrong County,TX,1887
48013,Atascosa County,TX,51153
48015,Austin County,TX,30032
48017,Bailey County,TX,7000
48019,Bandera County,TX,23112
48021,Bastrop County,TX,88723
48023,Baylor County,TX,3509
48025,Bee County,TX,32565
48027,Bell County,TX,362924
48029,Bexar County,TX,2003554
48031,Blanco County,TX,11931
48033,Borden County,TX,654
48035,Bosque County,TX,18685
48037,Bowie County,TX,93245
48039,Brazoria County,TX,374264
48041,Brazos County,TX,229211
48043,Brewster County,TX,9203
48045,Briscoe County,TX,1546
48047,Brooks County,TX,7093
48049,Brown County,TX,37864
48051,Burleson County,TX,18443
48053,Burnet County,TX,48155
48055,Caldwell County,TX,43664
48057,Calhoun County,TX,21290
48059,Callahan County,TX,13943
48061,Cameron County,TX,423163
48063,Camp County,TX,13094
48065,Carson County,TX,5926
48067,Cass County,TX,30026
48069,Castro County,TX,7530
48071,Chambers County,TX,43837
48073,Cherokee County,TX,52646
48075,Childress County,TX,7306
48077,Clay County,TX,10471
48079,Cochran County,TX,2853
48081,Coke County,TX,3387
48083,Coleman County,TX,8175
48085,Collin County,TX,1034730
48087,Collingsworth County,TX,2920
48089,Colorado County,TX,21493
48091,Comal County,TX,156209
48093,Comanche County,TX,13635
48095,Concho County,TX,2726
48097,Cooke County,TX,41257
48099,Coryell County,TX,75951
48101,Cottle County,TX,1398
48103,Crane County,TX,4797
48105,Crockett County,TX,3464
48107,Crosby County,TX,5737
48109,Culberson County,TX,2171
48111,Dallam County,TX,7287
48113,Dallas County,TX,2635516
48115,Dawson County,TX,12728
48117,Deaf Smith County,TX,18546
48119,Delta County,TX,5331
48121,Denton County,TX,887207
48123,DeWitt County,TX,20160
48125,Dickens County,TX,2211
48127,Dimmit County,TX,10124
48129,Donley County,TX,3278
48131,Duval County,TX,11157
48133,Eastland County,TX,18360
48135,Ector County,TX,166223
48137,Edwards County,TX,1932
48139,Ellis County,TX,184826
48141,El Paso County,TX,839238
48143,Erath County,TX,42698
48145,Falls County,TX,17297
48147,Fannin County,TX,35514
48149,Fayette County,TX,25346
48151,Fisher County,TX,3830
48153,Floyd County,TX,5712
48155,Foard County,TX,1155
48157,Fort Bend County,TX,811688
48159,Franklin County,TX,10725
48161,Freestone County,TX,19717
48163,Frio County,TX,20306
48165,Gaines County,TX,21492
48167,Galveston County,TX,342139
48169,Garza County,TX,6229
48171,Gillespie County,TX,26988
48173,Glasscock County,TX,1409
48175,Goliad County,TX,7658
48177,Gonzales County,TX,20837
48179,Gray County,TX,21886
48181,Grayson County,TX,136212
48183,Gregg County,TX,123945
48185,Grimes County,TX,28880
48187,Guadalupe County,TX,166847
48189,Hale County,TX,33406
48191,Hall County,TX,2964
48193,Hamilton County,TX,8461
48195,Hansford County,TX,5399
48197,Hardeman County,TX,3933
48199,Hardin County,TX,57602
48201,Harris County,TX,4713325
48203,Harrison County,TX,66553
48205,Hartley County,TX,5576
48207,Haskell County,TX,5658
48209,Hays County,TX,230191
48211,Hemphill County,TX,3819
48213,Henderson County,TX,82737
48215,Hidalgo County,TX,868707
48217,Hill County,TX,36649
48219,Hockley County,TX,23021
48221,Hood County,TX,61643
48223,Hopkins County,TX,37084
48225,Houston County,TX,22968
48227,Howard County,TX,36664
48229,Hudspeth County,TX,4886
48231,Hunt County,TX,98594
48233,Hutchinson County,TX,20938
48235,Irion County,TX,1536
48237,Jack County,TX,8935
48239,Jackson County,TX,14760
48241,Jasper County,TX,35529
48243,Jeff Davis County,TX,2274
48245,Jefferson County,TX,251565
48247,Jim Hogg County,TX,5200
48249,Jim Wells County,TX,40482
48251,Johnson County,TX,175817
48253,Jones County,TX,20083
48255,Karnes County,TX,15601
48257,Kaufman County,TX,136154
48259,Kendall County,TX,47431
48261,Kenedy County,TX,404
48263,Kent County,TX,762
48265,Kerr County,TX,52600
48267,Kimble County,TX,4337
48269,King County,TX,272
48271,Kinney County,TX,3667
48273,Kleberg County,TX,30680
48275,Knox County,TX,3664
48277,Lamar County,TX,49859
48279,Lamb County,TX,12893
48281,Lampasas County,TX,21428
48283,La Salle County,TX,7520
48285,Lavaca County,TX,20154
48287,Lee County,TX,17239
48289,Leon County,TX,17404
48291,Liberty County,TX,88219
48293,Limestone County,TX,23437
48295,Lipscomb County,TX,3233
48297,Live Oak County,TX,12207
48299,Llano County,TX,21795
48301,Loving County,TX,169
48303,Lubbock County,TX,310569
48305,Lynn County,TX,5951
48307,McCulloch County,TX,7984
48309,McLennan County,TX,256623
48311,McMullen County,TX,743
48313,Madison County,TX,14284
48315,Marion County,TX,9854
48317,Martin County,TX,5771
48319,Mason County,TX,4274
48321,Matagorda County,TX,36643
48323,Maverick County,TX,58722
48325,Medina County,TX,51584
48327,Menard County,TX,2138
48329,Midland County,TX,176832
48331,Milam County,TX,24823
48333,Mills County,TX,4873
48335,Mitchell County,TX,8545
48337,Montague County,TX,19818
48339,Montgomery County,TX,607391
48341,Moore County,TX,20940
48343,Morris County,TX,12388
48345,Motley County,TX,1200
48347,Nacogdoches County,TX,65204
48349,Navarro County,TX,50113
48351,Newton County,TX,13595
48353,Nolan County,TX,14714
48355,Nueces County,TX,362294
48357,Ochiltree County,TX,9836
48359,Oldham County,TX,2112
48361,Orange County,TX,83396
48363,Palo Pinto County,TX,29189
48365,Panola County,TX,23194
48367,Parker County,TX,142878
48369,Parmer County,TX,9605
48371,Pecos County,TX,15823
48373,Polk County,TX,51353
48375,Potter County,TX,117415
48377,Presidio County,TX,6704
48379,Rains County,TX,12514
48381,Randall County,TX,137713
48383,Reagan County,TX,3849
48385,Real County,TX,3452
48387,Red River County,TX,12023
48389,Reeves County,TX,15976
48391,Refugio County,TX,6948
48393,Roberts County,TX,854
48395,Robertson County,TX,17074
48397,Rockwall County,TX,104915
48399,Runnels County,TX,10264
48401,Rusk County,TX,54406
48403,Sabine County,TX,10542
48405,San Augustine County,TX,8237
48407,San Jacinto County,TX,28859
48409,San Patricio County,TX,66730
48411,San Saba County,TX,6055
48413,Schleicher County,TX,2793
48415,Scurry County,TX,16703
48417,Shackelford County,TX,3265
48419,Shelby County,TX,25274
48421,Sherman County,TX,3022
48423,Smith County,TX,232751
48425,Somervell County,TX,9128
48427,Starr County,TX,64633
48429,Stephens County,TX,9366
48431,Sterling County,TX,1291
48433,Stonewall County,TX,1350
48435,Sutton County,TX,3776
48437,Swisher County,TX,7397
48439,Tarrant County,TX,2102515
48441,Taylor County,TX,138034
48443,Terrell County,TX,776
48445,Terry County,TX,12337
48447,Throckmorton County,TX,1501
48449,Titus County,TX,32750
48451,Tom Green County,TX,119200
48453,Travis County,TX,1273954
48455,Trinity County,TX,14651
48457,Tyler County,TX,21672
48459,Upshur County,TX,41753
48461,Upton County,TX,3657
48463,Uvalde County,TX,26741
48465,Val Verde County,TX,49025
48467,Van Zandt County,TX,56590
48469,Victoria County,TX,92084
48471,Walker County,TX,72971
48473,Waller County,TX,55246
48475,Ward County,TX,11998
48477,Washington County,TX,35882
48479,Webb County,TX,276652
48481,Wharton County,TX,41556
48483,Wheeler County,TX,5056
48485,Wichita County,TX,132230
48487,Wilbarger County,TX,12769
48489,Willacy County,TX,21358
48491,Williamson County,TX,590551
48493,Wilson County,TX,51070
48495,Winkler County,TX,8010
48497,Wise County,TX,69984
48499,Wood County,TX,45539
48501,Yoakum County,TX,8713
48503,Young County,TX,18010
48505,Zapata County,TX,14179
48507,Zavala County,TX,11840
0,Statewide Unallocated,UT,0
49001,Beaver County,UT,6710
49003,Box Elder County,UT,56046
49005,Cache County,UT,128289
49007,Carbon County,UT,20463
49009,Daggett County,UT,950
49011,Davis County,UT,355481
49013,Duchesne County,UT,19938
49015,Emery County,UT,10012
49017,Garfield County,UT,5051
49019,Grand County,UT,9754
49021,Iron County,UT,54839
49023,Juab County,UT,12017
49025,Kane County,UT,7886
49027,Millard County,UT,13188
49029,Morgan County,UT,12124
49031,Piute County,UT,1479
49033,Rich County,UT,2483
49035,Salt Lake County,UT,1160437
49037,San Juan County,UT,15308
49039,Sanpete County,UT,30939
49041,Sevier County,UT,21620
49043,Summit County,UT,42145
49045,Tooele County,UT,72259
49047,Uintah County,UT,35734
49049,Utah County,UT,636235
49051,Wasatch County,UT,34091
49053,Washington County,UT,177556
49055,Wayne County,UT,2711
49057,Weber County,UT,260213
0,Statewide Unallocated,VT,0
50001,Addison County,VT,36777
50003,Bennington County,VT,35470
50005,Caledonia County,VT,29993
50007,Chittenden County,VT,163774
50009,Essex County,VT,6163
50011,Franklin County,VT,49402
50013,Grand Isle County,VT,7235
50015,Lamoille County,VT,25362
50017,Orange County,VT,28892
50019,Orleans County,VT,27037
50021,Rutland County,VT,58191
50023,Washington County,VT,58409
50025,Windham County,VT,42222
50027,Windsor County,VT,55062
0,Statewide Unallocated,VA,0
51001,Accomack County,VA,32316
51003,Albemarle County,VA,109330
51005,Alleghany County,VA,14860
51007,Amelia County,VA,13145
51009,Amherst County,VA,31605
51011,Appomattox County,VA,15911
51013,Arlington County,VA,236842
51015,Augusta County,VA,75558
51017,Bath County,VA,4147
51019,Bedford County,VA,78997
51021,Bland County,VA,6280
51023,Botetourt County,VA,33419
51025,Brunswick County,VA,16231
51027,Buchanan County,VA,21004
51029,Buckingham County,VA,17148
51031,Campbell County,VA,54885
51033,Caroline County,VA,30725
51035,Carroll County,VA,29791
51036,Charles City County,VA,6963
51037,Charlotte County,VA,11880
51041,Chesterfield County,VA,352802
51043,Clarke County,VA,14619
51045,Craig County,VA,5131
51047,Culpeper County,VA,52605
51049,Cumberland County,VA,9932
51051,Dickenson County,VA,14318
51053,Dinwiddie County,VA,28544
51057,Essex County,VA,10953
51059,Fairfax County,VA,1147532
51061,Fauquier County,VA,71222
51063,Floyd County,VA,15749
51065,Fluvanna County,VA,27270
51067,Franklin County,VA,56042
51069,Frederick County,VA,89313
51071,Giles County,VA,16720
51073,Gloucester County,VA,37348
51075,Goochland County,VA,23753
51077,Grayson County,VA,15550
51079,Greene County,VA,19819
51081,Greensville County,VA,11336
51083,Halifax County,VA,33911
51085,Hanover County,VA,107766
51087,Henrico County,VA,330818
51089,Henry County,VA,50557
51091,Highland County,VA,2190
51093,Isle of Wight County,VA,37109
51095,James City County,VA,76523
51097,King and Queen County,VA,7025
51099,King George County,VA,26836
51101,King William County,VA,17148
51103,Lancaster County,VA,10603
51105,Lee County,VA,23423
51107,Loudoun County,VA,413538
51109,Louisa County,VA,37591
51111,Lunenburg County,VA,12196
51113,Madison County,VA,13261
51115,Matthews County,VA,8834
51117,Mecklenburg County,VA,30587
51119,Middlesex County,VA,10582
51121,Montgomery County,VA,98535
51125,Nelson County,VA,14930
51127,New Kent County,VA,23091
51131,Northampton County,VA,11710
51133,Northumberland County,VA,12095
51135,Nottoway County,VA,15232
51137,Orange County,VA,37051
51139,Page County,VA,23902
51141,Patrick County,VA,17608
51143,Pittsylvania County,VA,60354
51145,Powhatan County,VA,29652
51147,Prince Edward County,VA,22802
51149,Prince George County,VA,38353
51153,Prince William County,VA,470335
51155,Pulaski County,VA,34027
51157,Rappahannock County,VA,7370
51159,Richmond County,VA,9023
51161,Roanoke County,VA,94186
51163,Rockbridge County,VA,22573
51165,Rockingham County,VA,81948
51167,Russell County,VA,26586
51169,Scott County,VA,21566
51171,Shenandoah County,VA,43616
51173,Smyth County,VA,30104
51175,Southampton County,VA,17631
51177,Spotsylvania County,VA,136215
51179,Stafford County,VA,152882
51181,Surry County,VA,6422
51183,Sussex County,VA,11159
51185,Tazewell County,VA,40595
51187,Warren County,VA,40164
51191,Washington County,VA,53740
51193,Westmoreland County,VA,18015
51195,Wise County,VA,37383
51197,Wythe County,VA,28684
51199,York County,VA,68280
51510,Alexandria City,VA,159428
51520,Bristol city,VA,16762
51530,Buena Vista city,VA,6478
51540,Charlottesville City,VA,47266
51550,Chesapeake City,VA,244835
51570,Colonial Heights city,VA,17370
51580,Covington city,VA,5538
51590,Danville City,VA,40044
51595,Emporia city,VA,5346
51600,Fairfax city,VA,24019
51610,Falls Church city,VA,14617
51620,Franklin city,VA,7967
51630,Fredericksburg City,VA,29036
51640,Galax city,VA,6347
51650,Hampton city,VA,134510
51660,Harrisonburg City,VA,53016
51670,Hopewell city,VA,22529
51678,Lexington city,VA,7446
51680,Lynchburg city,VA,82168
51683,Manassas City,VA,41085
51685,Manassas Park city,VA,17478
51690,Martinsville city,VA,12554
51700,Newport News City,VA,179225
51710,Norfolk City,VA,242742
51720,Norton city,VA,3981
51730,Petersburg city,VA,31346
51735,Poquoson city,VA,12271
51740,Portsmouth City,VA,94398
51750,Radford city,VA,18249
51760,Richmond City,VA,230436
51770,Roanoke city,VA,99143
51775,Salem city,VA,25301
51790,Staunton city,VA,24932
51800,Suffolk City,VA,92108
51810,Virginia Beach City,VA,449974
51820,Waynesboro city,VA,22630
51830,Williamsburg City,VA,14954
51840,Winchester city,VA,28078
0,Statewide Unallocated,WA,0
53001,Adams County,WA,19983
53003,Asotin County,WA,22582
53005,Benton County,WA,204390
53007,Chelan County,WA,77200
53009,Clallam County,WA,77331
53011,Clark County,WA,488241
53013,Columbia County,WA,3985
53015,Cowlitz County,WA,110593
53017,Douglas County,WA,43429
53019,Ferry County,WA,7627
53021,Franklin County,WA,95222
53023,Garfield County,WA,2225
53025,Grant County,WA,97733
53027,Grays Harbor County,WA,75061
53029,Island County,WA,85141
53031,Jefferson County,WA,32221
53033,King County,WA,2252782
53035,Kitsap County,WA,271473
53037,Kittitas County,WA,47935
53039,Klickitat County,WA,22425
53041,Lewis County,WA,80707
53043,Lincoln County,WA,10939
53045,Mason County,WA,66768
53047,Okanogan County,WA,42243
53049,Pacific County,WA,22471
53051,Pend Oreille County,WA,13724
53053,Pierce County,WA,904980
53055,San Juan County,WA,17582
53057,Skagit County,WA,129205
53059,Skamania County,WA,12083
53061,Snohomish County,WA,822083
53063,Spokane County,WA,522798
53065,Stevens County,WA,45723
53067,Thurston County,WA,290536
53069,Wahkiakum County,WA,4488
53071,Walla Walla County,WA,60760
53073,Whatcom County,WA,229247
53075,Whitman County,WA,50104
53077,Yakima County,WA,250873
0,Statewide Unallocated,WV,0
54001,Barbour County,WV,16441
54003,Berkeley County,WV,119171
54005,Boone County,WV,21457
54007,Braxton County,WV,13957
54009,Brooke County,WV,21939
54011,Cabell County,WV,91945
54013,Calhoun County,WV,7109
54015,Clay County,WV,8508
54017,Doddridge County,WV,8448
54019,Fayette County,WV,42406
54021,Gilmer County,WV,7823
54023,Grant County,WV,11568
54025,Greenbrier County,WV,34662
54027,Hampshire County,WV,23175
54029,Hancock County,WV,28810
54031,Hardy County,WV,13776
54033,Harrison County,WV,67256
54035,Jackson County,WV,28576
54037,Jefferson County,WV,57146
54039,Kanawha County,WV,178124
54041,Lewis County,WV,15907
54043,Lincoln County,WV,20409
54045,Logan County,WV,32019
54047,McDowell County,WV,17624
54049,Marion County,WV,56072
54051,Marshall County,WV,30531
54053,Mason County,WV,26516
54055,Mercer County,WV,58758
54057,Mineral County,WV,26868
54059,Mingo County,WV,23424
54061,Monongalia County,WV,105612
54063,Monroe County,WV,13275
54065,Morgan County,WV,17884
54067,Nicholas County,WV,24496
54069,Ohio County,WV,41411
54071,Pendleton County,WV,6969
54073,Pleasants County,WV,7460
54075,Pocahontas County,WV,8247
54077,Preston County,WV,33432
54079,Putnam County,WV,56450
54081,Raleigh County,WV,73361
54083,Randolph County,WV,28695
54085,Ritchie County,WV,9554
54087,Roane County,WV,13688
54089,Summers County,WV,12573
54091,Taylor County,WV,16695
54093,Tucker County,WV,6839
54095,Tyler County,WV,8591
54097,Upshur County,WV,24176
54099,Wayne County,WV,39402
54101,Webster County,WV,8114
54103,Wetzel County,WV,15065
54105,Wirt County,WV,5821
54107,Wood County,WV,83518
54109,Wyoming County,WV,20394
0,Statewide Unallocated,WI,0
55001,Adams County,WI,20220
55003,Ashland County,WI,15562
55005,Barron County,WI,45244
55007,Bayfield County,WI,15036
55009,Brown County,WI,264542
55011,Buffalo County,WI,13031
55013,Burnett County,WI,15414
55015,Calumet County,WI,50089
55017,Chippewa County,WI,64658
55019,Clark County,WI,34774
55021,Columbia County,WI,57532
55023,Crawford County,WI,16131
55025,Dane County,WI,546695
55027,Dodge County,WI,87839
55029,Door County,WI,27668
55031,Douglas County,WI,43150
55033,Dunn County,WI,45368
55035,Eau Claire County,WI,104646
55037,Florence County,WI,4295
55039,Fond du Lac County,WI,103403
55041,Forest County,WI,9004
55043,Grant County,WI,51439
55045,Green County,WI,36960
55047,Green Lake County,WI,18913
55049,Iowa County,WI,23678
55051,Iron County,WI,5687
55053,Jackson County,WI,20643
55055,Jefferson County,WI,84769
55057,Juneau County,WI,26687
55059,Kenosha County,WI,169561
55061,Kewaunee County,WI,20434
55063,La Crosse County,WI,118016
55065,Lafayette County,WI,16665
55067,Langlade County,WI,19189
55069,Lincoln County,WI,27593
55071,Manitowoc County,WI,78981
55073,Marathon County,WI,135692
55075,Marinette County,WI,40350
55077,Marquette County,WI,15574
55078,Menominee County,WI,4556
55079,Milwaukee County,WI,945726
55081,Monroe County,WI,46253
55083,Oconto County,WI,37930
55085,Oneida County,WI,35595
55087,Outagamie County,WI,187885
55089,Ozaukee County,WI,89221
55091,Pepin County,WI,7287
55093,Pierce County,WI,42754
55095,Polk County,WI,43783
55097,Portage County,WI,70772
55099,Price County,WI,13351
55101,Racine County,WI,196311
55103,Richland County,WI,17252
55105,Rock County,WI,163354
55107,Rusk County,WI,14178
55109,St. Croix County,WI,90687
55111,Sauk County,WI,64442
55113,Sawyer County,WI,16558
55115,Shawano County,WI,40899
55117,Sheboygan County,WI,115340
55119,Taylor County,WI,20343
55121,Trempealeau County,WI,29649
55123,Vernon County,WI,30822
55125,Vilas County,WI,22195
55127,Walworth County,WI,103868
55129,Washburn County,WI,15720
55131,Washington County,WI,136034
55133,Waukesha County,WI,404198
55135,Waupaca County,WI,50990
55137,Waushara County,WI,24443
55139,Winnebago County,WI,171907
55141,Wood County,WI,72999
0,Statewide Unallocated,WY,0
56001,Albany County,WY,38880
56003,Big Horn County,WY,11790
56005,Campbell County,WY,46341
56007,Carbon County,WY,14800
56009,Converse County,WY,13822
56011,Crook County,WY,7584
56013,Fremont County,WY,39261
56015,Goshen County,WY,13211
56017,Hot Springs County,WY,4413
56019,Johnson County,WY,8445
56021,Laramie County,WY,99500
56023,Lincoln County,WY,19830
56025,Natrona County,WY,79858
56027,Niobrara County,WY,2356
56029,Park County,WY,29194
56031,Platte County,WY,8393
56033,Sheridan County,WY,30485
56035,Sublette County,WY,9831
56037,Sweetwater County,WY,42343
56039,Teton County,WY,23464
56041,Uinta County,WY,20226
56043,Washakie County,WY,7805
56045,Weston County,WY,6927
